[
  {
    "Country Code": "7",
    "Country": "Abkhazia",
    "Network": "Aquafon",
    "MCCMNC": "28967"
  },
  {
    "Country Code": "93",
    "Country": "Afghanistan",
    "Network": "Etisalat Afghanistan",
    "MCCMNC": "41250"
  },
  {
    "Country Code": "93",
    "Country": "Afghanistan",
    "Network": "AWCC (Afghan Wireless Communication Company)",
    "MCCMNC": "41201"
  },
  {
    "Country Code": "93",
    "Country": "Afghanistan",
    "Network": "MTN Afghanistan",
    "MCCMNC": "41240"
  },
  {
    "Country Code": "93",
    "Country": "Afghanistan",
    "Network": "ROSHAN (TDCA Ltd)",
    "MCCMNC": "41220"
  },
  {
    "Country Code": "355",
    "Country": "Albania",
    "Network": "Albania Landline",
    "MCCMNC": "276"
  },
  {
    "Country Code": "355",
    "Country": "Albania",
    "Network": "Vodafone Albania",
    "MCCMNC": "27602"
  },
  {
    "Country Code": "213",
    "Country": "Algeria",
    "Network": "Mobilis (ATM Mobilis)",
    "MCCMNC": "60301"
  },
  {
    "Country Code": "213",
    "Country": "Algeria",
    "Network": "Ooredoo Algeria",
    "MCCMNC": "60303"
  },
  {
    "Country Code": "213",
    "Country": "Algeria",
    "Network": "Djezzy (Orascom Telecom Algerie)",
    "MCCMNC": "60302"
  },
  {
    "Country Code": "1684",
    "Country": "American Samoa",
    "Network": "ASTCA (AMERICAN SAMOA TELECOMMUNICATIONS AUTHORITY)",
    "MCCMNC": "311780"
  },
  {
    "Country Code": "376",
    "Country": "Andorra",
    "Network": "Mobiland (Servei de Tele d'Andorra)",
    "MCCMNC": "21303"
  },
  {
    "Country Code": "244",
    "Country": "Angola",
    "Network": "UNITEL",
    "MCCMNC": "63102"
  },
  {
    "Country Code": "244",
    "Country": "Angola",
    "Network": "Movicel",
    "MCCMNC": "63104"
  },
  {
    "Country Code": "54",
    "Country": "Argentina",
    "Network": "Argentina Landline",
    "MCCMNC": "722"
  },
  {
    "Country Code": "54",
    "Country": "Argentina",
    "Network": "Movistar (Telefonica Moviles Argentina S.A.)",
    "MCCMNC": "722070"
  },
  {
    "Country Code": "54",
    "Country": "Argentina",
    "Network": "Claro Argentina (AMX Argentina S.A.)",
    "MCCMNC": "722310"
  },
  {
    "Country Code": "54",
    "Country": "Argentina",
    "Network": "Telecom Personal S.A.",
    "MCCMNC": "722340"
  },
  {
    "Country Code": "374",
    "Country": "Armenia",
    "Network": "Ucom (ex. Orange)",
    "MCCMNC": "28310"
  },
  {
    "Country Code": "297",
    "Country": "Aruba",
    "Network": "Digicel Aruba",
    "MCCMNC": "36302"
  },
  {
    "Country Code": "61",
    "Country": "Australia",
    "Network": "Telstra",
    "MCCMNC": "50501"
  },
  {
    "Country Code": "61",
    "Country": "Australia",
    "Network": "Vodafone Australia",
    "MCCMNC": "50503"
  },
  {
    "Country Code": "61",
    "Country": "Australia",
    "Network": "YES OPTUS (Singtel Optus Ltd)",
    "MCCMNC": "50502"
  },
  {
    "Country Code": "61",
    "Country": "Australia",
    "Network": "Australia Landline",
    "MCCMNC": "505"
  },
  {
    "Country Code": "61",
    "Country": "Australia",
    "Network": "Pivotel (Vodafone MVNO)",
    "MCCMNC": "50550"
  },
  {
    "Country Code": "43",
    "Country": "Austria",
    "Network": "A1 Telekom (Telekom Austria)",
    "MCCMNC": "23201"
  },
  {
    "Country Code": "43",
    "Country": "Austria",
    "Network": "3 (CK Hutchison)",
    "MCCMNC": "23210"
  },
  {
    "Country Code": "43",
    "Country": "Austria",
    "Network": "T-Mobile (Deutsche Telekom)",
    "MCCMNC": "23203"
  },
  {
    "Country Code": "43",
    "Country": "Austria",
    "Network": "Spusu (Mass Response Service) (3 CK Hutchinson MVNO)",
    "MCCMNC": "23217"
  },
  {
    "Country Code": "43",
    "Country": "Austria",
    "Network": "Austria Landline",
    "MCCMNC": "232"
  },
  {
    "Country Code": "43",
    "Country": "Austria",
    "Network": "MVNO - m:tel (Telekom Srpske) (A1)",
    "MCCMNC": "23220"
  },
  {
    "Country Code": "43",
    "Country": "Austria",
    "Network": "MVNO - Tele2 Telecommunication GmbH (T-Mobile)",
    "MCCMNC": "23219"
  },
  {
    "Country Code": "43",
    "Country": "Austria",
    "Network": "MVNO - tele.ring (T-Mobile Austria)",
    "MCCMNC": "23207"
  },
  {
    "Country Code": "994",
    "Country": "Azerbaijan",
    "Network": "Nar Mobile (Azerfon LLC)",
    "MCCMNC": "40004"
  },
  {
    "Country Code": "994",
    "Country": "Azerbaijan",
    "Network": "Azercell",
    "MCCMNC": "40001"
  },
  {
    "Country Code": "994",
    "Country": "Azerbaijan",
    "Network": "Bakcell",
    "MCCMNC": "40002"
  },
  {
    "Country Code": "994",
    "Country": "Azerbaijan",
    "Network": "Naxtel",
    "MCCMNC": "40006"
  },
  {
    "Country Code": "994",
    "Country": "Azerbaijan",
    "Network": "Azerbaijan Landline",
    "MCCMNC": "400"
  },
  {
    "Country Code": "973",
    "Country": "Bahrain",
    "Network": "Batelco (Bahrain Telecommunications Company)",
    "MCCMNC": "42601"
  },
  {
    "Country Code": "973",
    "Country": "Bahrain",
    "Network": "STC Bahrain (ex. VIVA)",
    "MCCMNC": "42604"
  },
  {
    "Country Code": "880",
    "Country": "Bangladesh",
    "Network": "Banglalink (Orascom Telecom Ltd)",
    "MCCMNC": "47003"
  },
  {
    "Country Code": "880",
    "Country": "Bangladesh",
    "Network": "Grameenphone",
    "MCCMNC": "47001"
  },
  {
    "Country Code": "880",
    "Country": "Bangladesh",
    "Network": "Robi (Robi Axiata Ltd)",
    "MCCMNC": "47002"
  },
  {
    "Country Code": "1246",
    "Country": "Barbados",
    "Network": "Flow (Cable & Wireless (Barbados) Ltd)",
    "MCCMNC": "342600"
  },
  {
    "Country Code": "375",
    "Country": "Belarus",
    "Network": "MTS (JLLC Mobile TeleSystems)",
    "MCCMNC": "25702"
  },
  {
    "Country Code": "375",
    "Country": "Belarus",
    "Network": "life:) (Belarusian Telecommunications Network CJSC)",
    "MCCMNC": "25704"
  },
  {
    "Country Code": "375",
    "Country": "Belarus",
    "Network": "A1 (ex. velcom)",
    "MCCMNC": "25701"
  },
  {
    "Country Code": "32",
    "Country": "Belgium",
    "Network": "Orange (ex. Mobistar S.A.)",
    "MCCMNC": "20610"
  },
  {
    "Country Code": "32",
    "Country": "Belgium",
    "Network": "Telenet NV (Orange MVNO)",
    "MCCMNC": "20605"
  },
  {
    "Country Code": "32",
    "Country": "Belgium",
    "Network": "Proximus (Belgacom SA/NV)",
    "MCCMNC": "20601"
  },
  {
    "Country Code": "32",
    "Country": "Belgium",
    "Network": "BASE (KPN Group Belgium NV/SA)",
    "MCCMNC": "20620"
  },
  {
    "Country Code": "32",
    "Country": "Belgium",
    "Network": "VOOmobile (BASE MVNO)",
    "MCCMNC": "20608"
  },
  {
    "Country Code": "32",
    "Country": "Belgium",
    "Network": "Belgium Landline",
    "MCCMNC": "206"
  },
  {
    "Country Code": "32",
    "Country": "Belgium",
    "Network": "Lycamobile sprl",
    "MCCMNC": "20606"
  },
  {
    "Country Code": "32",
    "Country": "Belgium",
    "Network": "Febo Telecom",
    "MCCMNC": "20622"
  },
  {
    "Country Code": "229",
    "Country": "Benin",
    "Network": "MTN (Spacetel-Benin)",
    "MCCMNC": "61603"
  },
  {
    "Country Code": "229",
    "Country": "Benin",
    "Network": "Moov (ex. Etisalat) Benin",
    "MCCMNC": "61602"
  },
  {
    "Country Code": "975",
    "Country": "Bhutan",
    "Network": "TashiCell (Tashi InfoComm Ltd)",
    "MCCMNC": "40277"
  },
  {
    "Country Code": "975",
    "Country": "Bhutan",
    "Network": "B-Mobile (Bhutan Telecom Limited)",
    "MCCMNC": "40211"
  },
  {
    "Country Code": "591",
    "Country": "Bolivia",
    "Network": "Entel",
    "MCCMNC": "73602"
  },
  {
    "Country Code": "591",
    "Country": "Bolivia",
    "Network": "Tigo (Millicom International Cellular S.A.)",
    "MCCMNC": "73603"
  },
  {
    "Country Code": "591",
    "Country": "Bolivia",
    "Network": "Viva (Nuevatel PCS De Bolivia)",
    "MCCMNC": "73601"
  },
  {
    "Country Code": "387",
    "Country": "Bosnia and Herzegovina",
    "Network": "BH Mobile (BH Telecom)",
    "MCCMNC": "21890"
  },
  {
    "Country Code": "387",
    "Country": "Bosnia and Herzegovina",
    "Network": "m:tel (RS Telecommunications  JSC Banja Luka)",
    "MCCMNC": "21805"
  },
  {
    "Country Code": "387",
    "Country": "Bosnia and Herzegovina",
    "Network": "Bosnia and Herzegovina Landline",
    "MCCMNC": "218"
  },
  {
    "Country Code": "387",
    "Country": "Bosnia and Herzegovina",
    "Network": "HT-ERONET (Public Enterprise Croatian Telecom JSC)",
    "MCCMNC": "21803"
  },
  {
    "Country Code": "55",
    "Country": "Brazil",
    "Network": "Vivo // GO - Goiania",
    "MCCMNC": "72406"
  },
  {
    "Country Code": "55",
    "Country": "Brazil",
    "Network": "Claro // PE - Recife",
    "MCCMNC": "72405"
  },
  {
    "Country Code": "55",
    "Country": "Brazil",
    "Network": "Claro // SP - Sao Paulo",
    "MCCMNC": "72405"
  },
  {
    "Country Code": "55",
    "Country": "Brazil",
    "Network": "Claro // TO - Palmas",
    "MCCMNC": "72405"
  },
  {
    "Country Code": "55",
    "Country": "Brazil",
    "Network": "TIM Brasil // SP - Sao Paulo",
    "MCCMNC": "72402"
  },
  {
    "Country Code": "55",
    "Country": "Brazil",
    "Network": "TIM Brasil // PB - Joao Pessoa",
    "MCCMNC": "72402"
  },
  {
    "Country Code": "55",
    "Country": "Brazil",
    "Network": "Claro // DF - Brasilia",
    "MCCMNC": "72405"
  },
  {
    "Country Code": "55",
    "Country": "Brazil",
    "Network": "Vivo // SE - Aracaju",
    "MCCMNC": "72406"
  },
  {
    "Country Code": "55",
    "Country": "Brazil",
    "Network": "Claro // AM - Manaus",
    "MCCMNC": "72405"
  },
  {
    "Country Code": "55",
    "Country": "Brazil",
    "Network": "Claro // RS - Porto Alegre",
    "MCCMNC": "72405"
  },
  {
    "Country Code": "55",
    "Country": "Brazil",
    "Network": "Brazil Landline // RS - Porto Alegre",
    "MCCMNC": "724"
  },
  {
    "Country Code": "55",
    "Country": "Brazil",
    "Network": "Vivo // SP - Sao Paulo",
    "MCCMNC": "72406"
  },
  {
    "Country Code": "55",
    "Country": "Brazil",
    "Network": "Vivo // SC - Florianopolis",
    "MCCMNC": "72406"
  },
  {
    "Country Code": "55",
    "Country": "Brazil",
    "Network": "Brazil Landline // ES - Vitoria",
    "MCCMNC": "724"
  },
  {
    "Country Code": "359",
    "Country": "Bulgaria",
    "Network": "A1 (M-TEL)",
    "MCCMNC": "28401"
  },
  {
    "Country Code": "359",
    "Country": "Bulgaria",
    "Network": "Yettel Bulgaria (ex Telenor)",
    "MCCMNC": "28405"
  },
  {
    "Country Code": "359",
    "Country": "Bulgaria",
    "Network": "vivacom (Bulgarian Telecommunications Company AD (BTC))",
    "MCCMNC": "28403"
  },
  {
    "Country Code": "359",
    "Country": "Bulgaria",
    "Network": "Bulgaria Landline",
    "MCCMNC": "284"
  },
  {
    "Country Code": "226",
    "Country": "Burkina Faso",
    "Network": "TeleCel FASO",
    "MCCMNC": "61303"
  },
  {
    "Country Code": "226",
    "Country": "Burkina Faso",
    "Network": "Orange Burkina Faso S.A. (ex. Airtel)",
    "MCCMNC": "61302"
  },
  {
    "Country Code": "257",
    "Country": "Burundi",
    "Network": "ONATEL Mobile",
    "MCCMNC": "64203"
  },
  {
    "Country Code": "257",
    "Country": "Burundi",
    "Network": "Econet Leo Burundi",
    "MCCMNC": "64282"
  },
  {
    "Country Code": "257",
    "Country": "Burundi",
    "Network": "Smart Mobile (LACELL SU)",
    "MCCMNC": "64207"
  },
  {
    "Country Code": "238",
    "Country": "Cabo Verde",
    "Network": "Unitel T+ Telecomunicacoes",
    "MCCMNC": "62502"
  },
  {
    "Country Code": "855",
    "Country": "Cambodia",
    "Network": "Smart (Smart Axiata Co. Ltd - fka Latelz)",
    "MCCMNC": "45602"
  },
  {
    "Country Code": "855",
    "Country": "Cambodia",
    "Network": "Metfone (Viettel Cambodia)",
    "MCCMNC": "45608"
  },
  {
    "Country Code": "855",
    "Country": "Cambodia",
    "Network": "SeaTel (South East Asia Telecom)",
    "MCCMNC": "45611"
  },
  {
    "Country Code": "855",
    "Country": "Cambodia",
    "Network": "Cambodia Landline",
    "MCCMNC": "456"
  },
  {
    "Country Code": "855",
    "Country": "Cambodia",
    "Network": "Cellcard (CamGSM)",
    "MCCMNC": "45601"
  },
  {
    "Country Code": "237",
    "Country": "Cameroon",
    "Network": "Orange",
    "MCCMNC": "62402"
  },
  {
    "Country Code": "237",
    "Country": "Cameroon",
    "Network": "MTN Cameroon",
    "MCCMNC": "62401"
  },
  {
    "Country Code": "237",
    "Country": "Cameroon",
    "Network": "Nexttel (Viettel)",
    "MCCMNC": "62404"
  },
  {
    "Country Code": "1",
    "Country": "Canada",
    "Network": "Bell Mobility",
    "MCCMNC": "302610"
  },
  {
    "Country Code": "1",
    "Country": "Canada",
    "Network": "Ice Wireless (Iristel)",
    "MCCMNC": "302620"
  },
  {
    "Country Code": "1",
    "Country": "Canada",
    "Network": "Rogers Wireless",
    "MCCMNC": "302720"
  },
  {
    "Country Code": "1",
    "Country": "Canada",
    "Network": "Rogers Wireless - Fido",
    "MCCMNC": "302370"
  },
  {
    "Country Code": "1",
    "Country": "Canada",
    "Network": "Telus Mobility",
    "MCCMNC": "302220"
  },
  {
    "Country Code": "1",
    "Country": "Canada",
    "Network": "Fibernetics Corporation",
    "MCCMNC": "302140"
  },
  {
    "Country Code": "1",
    "Country": "Canada",
    "Network": "Freedom Mobile",
    "MCCMNC": "302490"
  },
  {
    "Country Code": "1",
    "Country": "Canada",
    "Network": "Canada - Landline and Other Carriers",
    "MCCMNC": "302000"
  },
  {
    "Country Code": "1",
    "Country": "Canada",
    "Network": "Videotron",
    "MCCMNC": "302500"
  },
  {
    "Country Code": "235",
    "Country": "Chad",
    "Network": "Airtel Chad",
    "MCCMNC": "62201"
  },
  {
    "Country Code": "56",
    "Country": "Chile",
    "Network": "Movistar (Telefonica Movil de Chile)",
    "MCCMNC": "73002"
  },
  {
    "Country Code": "86",
    "Country": "China",
    "Network": "China Mobile",
    "MCCMNC": "46000"
  },
  {
    "Country Code": "86",
    "Country": "China",
    "Network": "China Unicom",
    "MCCMNC": "46001"
  },
  {
    "Country Code": "86",
    "Country": "China",
    "Network": "China Telecom (CDMA)",
    "MCCMNC": "46003"
  },
  {
    "Country Code": "57",
    "Country": "Colombia",
    "Network": "Tigo (Colombia Movil S.A.)",
    "MCCMNC": "732103"
  },
  {
    "Country Code": "57",
    "Country": "Colombia",
    "Network": "Movistar (Telefonica Moviles Colombia S.A.)",
    "MCCMNC": "732123"
  },
  {
    "Country Code": "57",
    "Country": "Colombia",
    "Network": "Claro (Comcel - Comunicacion Celular S.A.)",
    "MCCMNC": "732101"
  },
  {
    "Country Code": "57",
    "Country": "Colombia",
    "Network": "WOM (Partners Telecom Colombia SAS)",
    "MCCMNC": "732360"
  },
  {
    "Country Code": "269",
    "Country": "Comoros",
    "Network": "HURI (Comoros Telecom)",
    "MCCMNC": "65401"
  },
  {
    "Country Code": "242",
    "Country": "Congo",
    "Network": "Airtel Congo Brazzaville",
    "MCCMNC": "62901"
  },
  {
    "Country Code": "242",
    "Country": "Congo",
    "Network": "Warid Congo",
    "MCCMNC": "62907"
  },
  {
    "Country Code": "243",
    "Country": "Congo (Democratic Republic)",
    "Network": "Vodacom Congo",
    "MCCMNC": "63001"
  },
  {
    "Country Code": "243",
    "Country": "Congo (Democratic Republic)",
    "Network": "Airtel D.R. of Congo",
    "MCCMNC": "63002"
  },
  {
    "Country Code": "243",
    "Country": "Congo (Democratic Republic)",
    "Network": "Orange RDC (C.C.T.)",
    "MCCMNC": "63086"
  },
  {
    "Country Code": "243",
    "Country": "Congo (Democratic Republic)",
    "Network": "DR Congo Landline",
    "MCCMNC": "630"
  },
  {
    "Country Code": "506",
    "Country": "Costa Rica",
    "Network": "Kolbi ICE (Instituto Costarricense de Electricidad)",
    "MCCMNC": "71201"
  },
  {
    "Country Code": "506",
    "Country": "Costa Rica",
    "Network": "Claro CR",
    "MCCMNC": "71203"
  },
  {
    "Country Code": "506",
    "Country": "Costa Rica",
    "Network": "Costa Rica Landline",
    "MCCMNC": "712"
  },
  {
    "Country Code": "506",
    "Country": "Costa Rica",
    "Network": "movistar (Telefonica de Costa Rica TC)",
    "MCCMNC": "71204"
  },
  {
    "Country Code": "225",
    "Country": "Cote d'Ivoire",
    "Network": "Orange CI",
    "MCCMNC": "61203"
  },
  {
    "Country Code": "225",
    "Country": "Cote d'Ivoire",
    "Network": "MTN CI",
    "MCCMNC": "61205"
  },
  {
    "Country Code": "385",
    "Country": "Croatia",
    "Network": "Telemach (ex TELE2)",
    "MCCMNC": "21902"
  },
  {
    "Country Code": "385",
    "Country": "Croatia",
    "Network": "T-Mobile HR",
    "MCCMNC": "21901"
  },
  {
    "Country Code": "385",
    "Country": "Croatia",
    "Network": "A1 (VIP-NET)",
    "MCCMNC": "21910"
  },
  {
    "Country Code": "385",
    "Country": "Croatia",
    "Network": "Croatia Landline",
    "MCCMNC": "219"
  },
  {
    "Country Code": "53",
    "Country": "Cuba",
    "Network": "Cuba Landline",
    "MCCMNC": "368"
  },
  {
    "Country Code": "53",
    "Country": "Cuba",
    "Network": "ETECSA (Empresa de Telecommunicaciones de Cuba)",
    "MCCMNC": "36801"
  },
  {
    "Country Code": "357",
    "Country": "Cyprus",
    "Network": "Cyprus Landline",
    "MCCMNC": "280"
  },
  {
    "Country Code": "357",
    "Country": "Cyprus",
    "Network": "epic (ex MTN)",
    "MCCMNC": "28010"
  },
  {
    "Country Code": "357",
    "Country": "Cyprus",
    "Network": "Cablenet Cyprus (LemonTel, Cytamobile MVNO)",
    "MCCMNC": "28022"
  },
  {
    "Country Code": "357",
    "Country": "Cyprus",
    "Network": "Cytamobile-Vodafone",
    "MCCMNC": "28001"
  },
  {
    "Country Code": "420",
    "Country": "Czech Republic",
    "Network": "Vodafone CZ",
    "MCCMNC": "23003"
  },
  {
    "Country Code": "420",
    "Country": "Czech Republic",
    "Network": "T-Mobile CZ",
    "MCCMNC": "23001"
  },
  {
    "Country Code": "420",
    "Country": "Czech Republic",
    "Network": "Telefonica O2 CZ",
    "MCCMNC": "23002"
  },
  {
    "Country Code": "45",
    "Country": "Denmark",
    "Network": "MNO - Telenor Denmark",
    "MCCMNC": "23802"
  },
  {
    "Country Code": "45",
    "Country": "Denmark",
    "Network": "MNO - 3 DK (Hi3G Denmark ApS)",
    "MCCMNC": "23806"
  },
  {
    "Country Code": "45",
    "Country": "Denmark",
    "Network": "MNO - Telia DK",
    "MCCMNC": "23820"
  },
  {
    "Country Code": "45",
    "Country": "Denmark",
    "Network": "MVNO - TEL42 (MVNO)",
    "MCCMNC": "23842"
  },
  {
    "Country Code": "45",
    "Country": "Denmark",
    "Network": "MVNO - Callme (Telia MVNO)",
    "MCCMNC": "238"
  },
  {
    "Country Code": "45",
    "Country": "Denmark",
    "Network": "MVNO - TELMORE (TDC MVNO)",
    "MCCMNC": "23801"
  },
  {
    "Country Code": "45",
    "Country": "Denmark",
    "Network": "MVNO - CBB Mobil (Telenor MVNO)",
    "MCCMNC": "23802"
  },
  {
    "Country Code": "45",
    "Country": "Denmark",
    "Network": "MVNO - OiSTER (Hi3G MVNO)",
    "MCCMNC": "23806"
  },
  {
    "Country Code": "45",
    "Country": "Denmark",
    "Network": "MNO - Nuuday (TDC)",
    "MCCMNC": "23801"
  },
  {
    "Country Code": "45",
    "Country": "Denmark",
    "Network": "MVNO - Lebara Mobile (Telenor MVNO)",
    "MCCMNC": "23802"
  },
  {
    "Country Code": "45",
    "Country": "Denmark",
    "Network": "Landline Denmark",
    "MCCMNC": "238"
  },
  {
    "Country Code": "45",
    "Country": "Denmark",
    "Network": "MVNO - Dstny (TDC MVNO)",
    "MCCMNC": "23801"
  },
  {
    "Country Code": "45",
    "Country": "Denmark",
    "Network": "MVNO - Telenabler (TDC MVNO)",
    "MCCMNC": "23801"
  },
  {
    "Country Code": "45",
    "Country": "Denmark",
    "Network": "MVNO - Lycamobile Denmark Ltd (MVNO)",
    "MCCMNC": "23812"
  },
  {
    "Country Code": "45",
    "Country": "Denmark",
    "Network": "MVNO - Companymobile A/S (TDC MVNO)",
    "MCCMNC": "23801"
  },
  {
    "Country Code": "45",
    "Country": "Denmark",
    "Network": "MVNO - Benemen (TDC MVNO)",
    "MCCMNC": "23801"
  },
  {
    "Country Code": "45",
    "Country": "Denmark",
    "Network": "MVNO - MVNO_2 (Telenor MVNO)",
    "MCCMNC": "23802"
  },
  {
    "Country Code": "45",
    "Country": "Denmark",
    "Network": "MVNO - Ipnordic A/S (TDC MVNO)",
    "MCCMNC": "23801"
  },
  {
    "Country Code": "45",
    "Country": "Denmark",
    "Network": "MVNO - Firmafon ApS (TDC MVNO)",
    "MCCMNC": "23801"
  },
  {
    "Country Code": "45",
    "Country": "Denmark",
    "Network": "MNO - Lancelot",
    "MCCMNC": "23898"
  },
  {
    "Country Code": "253",
    "Country": "Djibouti",
    "Network": "Evatis (Djibouti Telecom SA)",
    "MCCMNC": "63801"
  },
  {
    "Country Code": "1",
    "Country": "Dominican Republic",
    "Network": "Claro (Compania Dominicana de Telefonos)",
    "MCCMNC": "37002"
  },
  {
    "Country Code": "1",
    "Country": "Dominican Republic",
    "Network": "Altice (Orange Dominicana)",
    "MCCMNC": "37001"
  },
  {
    "Country Code": "593",
    "Country": "Ecuador",
    "Network": "Claro Ecuador (Conecel S.A.)",
    "MCCMNC": "74001"
  },
  {
    "Country Code": "20",
    "Country": "Egypt",
    "Network": "Orange (ex. Mobinil)",
    "MCCMNC": "60201"
  },
  {
    "Country Code": "20",
    "Country": "Egypt",
    "Network": "Telecom Egypt",
    "MCCMNC": "60204"
  },
  {
    "Country Code": "20",
    "Country": "Egypt",
    "Network": "Vodafone Egypt",
    "MCCMNC": "60202"
  },
  {
    "Country Code": "20",
    "Country": "Egypt",
    "Network": "Etisalat Egypt",
    "MCCMNC": "60203"
  },
  {
    "Country Code": "20",
    "Country": "Egypt",
    "Network": "Egypt Landline",
    "MCCMNC": "602"
  },
  {
    "Country Code": "240",
    "Country": "Equatorial Guinea",
    "Network": "Orange GQ (GETESA)",
    "MCCMNC": "62701"
  },
  {
    "Country Code": "291",
    "Country": "Eritrea",
    "Network": "Eritel (Eritrea Telecommunications Services Corporation)",
    "MCCMNC": "65701"
  },
  {
    "Country Code": "372",
    "Country": "Estonia",
    "Network": "Elisa Eesti",
    "MCCMNC": "24802"
  },
  {
    "Country Code": "372",
    "Country": "Estonia",
    "Network": "Telia Eesti AS (EMT)",
    "MCCMNC": "24801"
  },
  {
    "Country Code": "372",
    "Country": "Estonia",
    "Network": "Tele 2 Eesti",
    "MCCMNC": "24803"
  },
  {
    "Country Code": "372",
    "Country": "Estonia",
    "Network": "Estonia Landline",
    "MCCMNC": "248"
  },
  {
    "Country Code": "251",
    "Country": "Ethiopia",
    "Network": "ETMTN (Ethio-Telecom)",
    "MCCMNC": "63601"
  },
  {
    "Country Code": "251",
    "Country": "Ethiopia",
    "Network": "Safaricom Telecommunications",
    "MCCMNC": "63602"
  },
  {
    "Country Code": "298",
    "Country": "Faroe Islands",
    "Network": "HEY (VODAFONE)",
    "MCCMNC": "28802"
  },
  {
    "Country Code": "679",
    "Country": "Fiji",
    "Network": "Digicel Fiji",
    "MCCMNC": "54202"
  },
  {
    "Country Code": "679",
    "Country": "Fiji",
    "Network": "Vodafone Fiji",
    "MCCMNC": "54201"
  },
  {
    "Country Code": "358",
    "Country": "Finland",
    "Network": "Elisa Oyj",
    "MCCMNC": "24405"
  },
  {
    "Country Code": "358",
    "Country": "Finland",
    "Network": "Telia (Sonera Finland Oyj)",
    "MCCMNC": "24491"
  },
  {
    "Country Code": "358",
    "Country": "Finland",
    "Network": "DNA Ltd",
    "MCCMNC": "24412"
  },
  {
    "Country Code": "358",
    "Country": "Finland",
    "Network": "Finland Landline",
    "MCCMNC": "244"
  },
  {
    "Country Code": "358",
    "Country": "Finland",
    "Network": "Alands Mobiltelefon AB",
    "MCCMNC": "24414"
  },
  {
    "Country Code": "33",
    "Country": "France",
    "Network": "MNO - Free Mobile",
    "MCCMNC": "20815"
  },
  {
    "Country Code": "33",
    "Country": "France",
    "Network": "MNO - Bouygues Telecom",
    "MCCMNC": "20820"
  },
  {
    "Country Code": "33",
    "Country": "France",
    "Network": "MNO - SFR",
    "MCCMNC": "20810"
  },
  {
    "Country Code": "33",
    "Country": "France",
    "Network": "MNO - Orange",
    "MCCMNC": "20801"
  },
  {
    "Country Code": "33",
    "Country": "France",
    "Network": "MVNO - NRJ Mobile (Euro-Information telecom)",
    "MCCMNC": "20826"
  },
  {
    "Country Code": "33",
    "Country": "France",
    "Network": "France Landline",
    "MCCMNC": "208"
  },
  {
    "Country Code": "33",
    "Country": "France",
    "Network": "MVNO - Lycamobile",
    "MCCMNC": "20825"
  },
  {
    "Country Code": "33",
    "Country": "France",
    "Network": "MVNO - Transatel",
    "MCCMNC": "20822"
  },
  {
    "Country Code": "33",
    "Country": "France",
    "Network": "Premium France",
    "MCCMNC": "208"
  },
  {
    "Country Code": "33",
    "Country": "France",
    "Network": "MVNO - SYMA Mobile",
    "MCCMNC": "20830"
  },
  {
    "Country Code": "33",
    "Country": "France",
    "Network": "MVNO - Legos",
    "MCCMNC": "20817"
  },
  {
    "Country Code": "33",
    "Country": "France",
    "Network": "MVNO - Coriolis Telecom (MVNO)",
    "MCCMNC": "20827"
  },
  {
    "Country Code": "33",
    "Country": "France",
    "Network": "MVNO - Lebara",
    "MCCMNC": "20838"
  },
  {
    "Country Code": "594",
    "Country": "French Guiana",
    "Network": "Outremer Telecom",
    "MCCMNC": "34002"
  },
  {
    "Country Code": "241",
    "Country": "Gabon",
    "Network": "Gabon Telecom Moov (ex Libertis)",
    "MCCMNC": "62801"
  },
  {
    "Country Code": "241",
    "Country": "Gabon",
    "Network": "Airtel Gabon",
    "MCCMNC": "62803"
  },
  {
    "Country Code": "220",
    "Country": "Gambia",
    "Network": "Qcell",
    "MCCMNC": "60704"
  },
  {
    "Country Code": "220",
    "Country": "Gambia",
    "Network": "Africell Gambia",
    "MCCMNC": "60702"
  },
  {
    "Country Code": "995",
    "Country": "Georgia",
    "Network": "Geocell (Silknet)",
    "MCCMNC": "28201"
  },
  {
    "Country Code": "995",
    "Country": "Georgia",
    "Network": "Beeline (Mobitel)",
    "MCCMNC": "28204"
  },
  {
    "Country Code": "995",
    "Country": "Georgia",
    "Network": "MagtiCom",
    "MCCMNC": "28202"
  },
  {
    "Country Code": "995",
    "Country": "Georgia",
    "Network": "Georgia Landline",
    "MCCMNC": "282"
  },
  {
    "Country Code": "995",
    "Country": "Georgia",
    "Network": "GMobile",
    "MCCMNC": "28209"
  },
  {
    "Country Code": "49",
    "Country": "Germany",
    "Network": "Telefonica O2 Germany",
    "MCCMNC": "26207"
  },
  {
    "Country Code": "49",
    "Country": "Germany",
    "Network": "Vodafone Germany",
    "MCCMNC": "26202"
  },
  {
    "Country Code": "49",
    "Country": "Germany",
    "Network": "T-Mobile (Deutsche Telekom)",
    "MCCMNC": "26201"
  },
  {
    "Country Code": "49",
    "Country": "Germany",
    "Network": "Germany Landline",
    "MCCMNC": "262"
  },
  {
    "Country Code": "49",
    "Country": "Germany",
    "Network": "Lebara (Telefonica MVNO)",
    "MCCMNC": "26214"
  },
  {
    "Country Code": "49",
    "Country": "Germany",
    "Network": "Lycamobile (MVNO)",
    "MCCMNC": "26243"
  },
  {
    "Country Code": "49",
    "Country": "Germany",
    "Network": "Truphone (Vodafone MVNO)",
    "MCCMNC": "26242"
  },
  {
    "Country Code": "233",
    "Country": "Ghana",
    "Network": "MTN (Scancom Ghana Ltd)",
    "MCCMNC": "62001"
  },
  {
    "Country Code": "233",
    "Country": "Ghana",
    "Network": "AirtelTigo Ghana",
    "MCCMNC": "62006"
  },
  {
    "Country Code": "233",
    "Country": "Ghana",
    "Network": "Vodafone Ghana",
    "MCCMNC": "62002"
  },
  {
    "Country Code": "233",
    "Country": "Ghana",
    "Network": "Glo Mobile Ghana",
    "MCCMNC": "62007"
  },
  {
    "Country Code": "30",
    "Country": "Greece",
    "Network": "Wind Hellas",
    "MCCMNC": "20210"
  },
  {
    "Country Code": "30",
    "Country": "Greece",
    "Network": "Vodafone Greece",
    "MCCMNC": "20205"
  },
  {
    "Country Code": "30",
    "Country": "Greece",
    "Network": "Cosmote (Mobile Telecommunications S.A.)",
    "MCCMNC": "20201"
  },
  {
    "Country Code": "30",
    "Country": "Greece",
    "Network": "Greece Landline",
    "MCCMNC": "202"
  },
  {
    "Country Code": "590",
    "Country": "Guadeloupe",
    "Network": "Digicel Guadeloupe",
    "MCCMNC": "34020"
  },
  {
    "Country Code": "590",
    "Country": "Guadeloupe",
    "Network": "Orange Caraibe Mobiles",
    "MCCMNC": "34001"
  },
  {
    "Country Code": "590",
    "Country": "Guadeloupe",
    "Network": "Outremer Telecom",
    "MCCMNC": "34002"
  },
  {
    "Country Code": "502",
    "Country": "Guatemala",
    "Network": "Tigo (Comcel Guatemala)",
    "MCCMNC": "70402"
  },
  {
    "Country Code": "502",
    "Country": "Guatemala",
    "Network": "Claro (TELGUA)",
    "MCCMNC": "70401"
  },
  {
    "Country Code": "44",
    "Country": "Guernsey",
    "Network": "Sure Mobile (Cable & Wireless Guernsey Ltd)",
    "MCCMNC": "23455"
  },
  {
    "Country Code": "224",
    "Country": "Guinea",
    "Network": "Orange Guinee",
    "MCCMNC": "61101"
  },
  {
    "Country Code": "245",
    "Country": "Guinea-Bissau",
    "Network": "MTN (Spacetel Guinee-Bissau)",
    "MCCMNC": "63202"
  },
  {
    "Country Code": "245",
    "Country": "Guinea-Bissau",
    "Network": "Orange Bissau",
    "MCCMNC": "63203"
  },
  {
    "Country Code": "509",
    "Country": "Haiti",
    "Network": "Digicel Haiti",
    "MCCMNC": "37202"
  },
  {
    "Country Code": "509",
    "Country": "Haiti",
    "Network": "NATCOM (National Telecom S.A.)",
    "MCCMNC": "37203"
  },
  {
    "Country Code": "852",
    "Country": "Hong Kong",
    "Network": "3 (Hutchison Telecom HK Ltd)",
    "MCCMNC": "45403"
  },
  {
    "Country Code": "852",
    "Country": "Hong Kong",
    "Network": "SmarTone HK",
    "MCCMNC": "45406"
  },
  {
    "Country Code": "852",
    "Country": "Hong Kong",
    "Network": "Hong Kong Telecommunications (HKT/CSL)",
    "MCCMNC": "45400"
  },
  {
    "Country Code": "852",
    "Country": "Hong Kong",
    "Network": "China Mobile HK",
    "MCCMNC": "45412"
  },
  {
    "Country Code": "852",
    "Country": "Hong Kong",
    "Network": "China Telecom Global Limited",
    "MCCMNC": "45431"
  },
  {
    "Country Code": "852",
    "Country": "Hong Kong",
    "Network": "China-HongKong Telecom (3 MVNO)",
    "MCCMNC": "45411"
  },
  {
    "Country Code": "36",
    "Country": "Hungary",
    "Network": "T-Mobile Hungary (Magyar Telekom)",
    "MCCMNC": "21630"
  },
  {
    "Country Code": "36",
    "Country": "Hungary",
    "Network": "Hungary Landline",
    "MCCMNC": "216"
  },
  {
    "Country Code": "36",
    "Country": "Hungary",
    "Network": "Vodafone Hungary",
    "MCCMNC": "21670"
  },
  {
    "Country Code": "36",
    "Country": "Hungary",
    "Network": "Yettel Hungary (ex Telenor)",
    "MCCMNC": "21601"
  },
  {
    "Country Code": "36",
    "Country": "Hungary",
    "Network": "UPC Hungary Ltd. (MVNO)",
    "MCCMNC": "21671"
  },
  {
    "Country Code": "354",
    "Country": "Iceland",
    "Network": "NOVA",
    "MCCMNC": "27411"
  },
  {
    "Country Code": "354",
    "Country": "Iceland",
    "Network": "Vodafone Iceland (Fjarskipti hf)",
    "MCCMNC": "27402"
  },
  {
    "Country Code": "354",
    "Country": "Iceland",
    "Network": "Siminn",
    "MCCMNC": "27401"
  },
  {
    "Country Code": "91",
    "Country": "India",
    "Network": "Reliance Jio // Mumbai",
    "MCCMNC": "405874"
  },
  {
    "Country Code": "91",
    "Country": "India",
    "Network": "Vodafone // Mumbai",
    "MCCMNC": "40420"
  },
  {
    "Country Code": "91",
    "Country": "India",
    "Network": "India // unknown network",
    "MCCMNC": "404"
  },
  {
    "Country Code": "91",
    "Country": "India",
    "Network": "Airtel // North East",
    "MCCMNC": "40416"
  },
  {
    "Country Code": "91",
    "Country": "India",
    "Network": "Airtel // Delhi",
    "MCCMNC": "40410"
  },
  {
    "Country Code": "91",
    "Country": "India",
    "Network": "Airtel // Rajasthan",
    "MCCMNC": "40470"
  },
  {
    "Country Code": "91",
    "Country": "India",
    "Network": "Airtel // Andhra Pradesh",
    "MCCMNC": "40449"
  },
  {
    "Country Code": "91",
    "Country": "India",
    "Network": "Airtel // Karnataka",
    "MCCMNC": "40406"
  },
  {
    "Country Code": "91",
    "Country": "India",
    "Network": "Reliance Jio // Kerala",
    "MCCMNC": "405862"
  },
  {
    "Country Code": "91",
    "Country": "India",
    "Network": "Airtel // Chennai",
    "MCCMNC": "40440"
  },
  {
    "Country Code": "91",
    "Country": "India",
    "Network": "Airtel // West Bengal",
    "MCCMNC": "40551"
  },
  {
    "Country Code": "91",
    "Country": "India",
    "Network": "Airtel // Mumbai",
    "MCCMNC": "40492"
  },
  {
    "Country Code": "91",
    "Country": "India",
    "Network": "Airtel // Punjab",
    "MCCMNC": "40402"
  },
  {
    "Country Code": "91",
    "Country": "India",
    "Network": "Airtel // UP-West",
    "MCCMNC": "40497"
  },
  {
    "Country Code": "91",
    "Country": "India",
    "Network": "Airtel // Gujarat",
    "MCCMNC": "40498"
  },
  {
    "Country Code": "91",
    "Country": "India",
    "Network": "Reliance Jio // Tamil Nadu",
    "MCCMNC": "405869"
  },
  {
    "Country Code": "91",
    "Country": "India",
    "Network": "India Landline",
    "MCCMNC": "405"
  },
  {
    "Country Code": "91",
    "Country": "India",
    "Network": "IDEA // Kerala",
    "MCCMNC": "40419"
  },
  {
    "Country Code": "91",
    "Country": "India",
    "Network": "Vodafone // Kerala",
    "MCCMNC": "40446"
  },
  {
    "Country Code": "62",
    "Country": "Indonesia",
    "Network": "XL (PT XL Axiata Tbk)",
    "MCCMNC": "51011"
  },
  {
    "Country Code": "62",
    "Country": "Indonesia",
    "Network": "Smartfren (PT Smartfren Telecom)",
    "MCCMNC": "51028"
  },
  {
    "Country Code": "62",
    "Country": "Indonesia",
    "Network": "Indosat Ooredoo (PT Indosat Tbk)",
    "MCCMNC": "51001"
  },
  {
    "Country Code": "62",
    "Country": "Indonesia",
    "Network": "Telkomsel (PT Telekomunikasi Selular)",
    "MCCMNC": "51010"
  },
  {
    "Country Code": "62",
    "Country": "Indonesia",
    "Network": "Indonesia Landline",
    "MCCMNC": "510"
  },
  {
    "Country Code": "62",
    "Country": "Indonesia",
    "Network": "3 (PT Hutchison CP Telecommunications)",
    "MCCMNC": "51089"
  },
  {
    "Country Code": "98",
    "Country": "Iran",
    "Network": "MCI (Mobile Communications Company of Iran)",
    "MCCMNC": "43211"
  },
  {
    "Country Code": "98",
    "Country": "Iran",
    "Network": "MTN Irancell",
    "MCCMNC": "43235"
  },
  {
    "Country Code": "98",
    "Country": "Iran",
    "Network": "Rightel",
    "MCCMNC": "43220"
  },
  {
    "Country Code": "98",
    "Country": "Iran",
    "Network": "SamanTel (RighTel MVNO)",
    "MCCMNC": "43201"
  },
  {
    "Country Code": "98",
    "Country": "Iran",
    "Network": "NeginTel (ApTel) (MTN MVNO)",
    "MCCMNC": "43202"
  },
  {
    "Country Code": "98",
    "Country": "Iran",
    "Network": "Iran Landline",
    "MCCMNC": "432"
  },
  {
    "Country Code": "964",
    "Country": "Iraq",
    "Network": "zain IQ (Atheer Telecom Iraq)",
    "MCCMNC": "41820"
  },
  {
    "Country Code": "964",
    "Country": "Iraq",
    "Network": "Asiacell (Ooredoo group)",
    "MCCMNC": "41805"
  },
  {
    "Country Code": "964",
    "Country": "Iraq",
    "Network": "Korek Telecom",
    "MCCMNC": "41840"
  },
  {
    "Country Code": "964",
    "Country": "Iraq",
    "Network": "Iraq Landline",
    "MCCMNC": "418"
  },
  {
    "Country Code": "353",
    "Country": "Ireland",
    "Network": "Three Ireland",
    "MCCMNC": "27205"
  },
  {
    "Country Code": "353",
    "Country": "Ireland",
    "Network": "Vodafone Ireland",
    "MCCMNC": "27201"
  },
  {
    "Country Code": "353",
    "Country": "Ireland",
    "Network": "EIR (Ex. Meteor Mobile Telecommunications)",
    "MCCMNC": "27203"
  },
  {
    "Country Code": "353",
    "Country": "Ireland",
    "Network": "Virgin Mobile IE (Three MVNO)",
    "MCCMNC": "27215"
  },
  {
    "Country Code": "353",
    "Country": "Ireland",
    "Network": "Tesco mobile (Liffey Telecom) (Three MVNO)",
    "MCCMNC": "27211"
  },
  {
    "Country Code": "353",
    "Country": "Ireland",
    "Network": "Ireland Landline",
    "MCCMNC": "272"
  },
  {
    "Country Code": "353",
    "Country": "Ireland",
    "Network": "Lycamobile (Three MVNO)",
    "MCCMNC": "27213"
  },
  {
    "Country Code": "44",
    "Country": "Isle of Man",
    "Network": "Manx Telecom",
    "MCCMNC": "23458"
  },
  {
    "Country Code": "972",
    "Country": "Israel",
    "Network": "Azi Communications (Telzar) (MVNO)",
    "MCCMNC": "42519"
  },
  {
    "Country Code": "972",
    "Country": "Israel",
    "Network": "Hot Mobile",
    "MCCMNC": "42507"
  },
  {
    "Country Code": "972",
    "Country": "Israel",
    "Network": "Pelephone",
    "MCCMNC": "42503"
  },
  {
    "Country Code": "972",
    "Country": "Israel",
    "Network": "Orange (Partner Communications Company)",
    "MCCMNC": "42501"
  },
  {
    "Country Code": "972",
    "Country": "Israel",
    "Network": "Cellcom Israel",
    "MCCMNC": "42502"
  },
  {
    "Country Code": "972",
    "Country": "Israel",
    "Network": "Golan Telecom",
    "MCCMNC": "42508"
  },
  {
    "Country Code": "972",
    "Country": "Israel",
    "Network": "Israel Landline",
    "MCCMNC": "425"
  },
  {
    "Country Code": "972",
    "Country": "Israel",
    "Network": "WECOM MOBILE (Xfone/We4G)",
    "MCCMNC": "42509"
  },
  {
    "Country Code": "39",
    "Country": "Italy",
    "Network": "MVNO - Fastweb (H3G MVNO)",
    "MCCMNC": "22208"
  },
  {
    "Country Code": "39",
    "Country": "Italy",
    "Network": "MNO - Vodafone Italy",
    "MCCMNC": "22210"
  },
  {
    "Country Code": "39",
    "Country": "Italy",
    "Network": "MNO - Wind Telecomunicazioni SpA",
    "MCCMNC": "22288"
  },
  {
    "Country Code": "39",
    "Country": "Italy",
    "Network": "MNO - TIM (Telecom Italia SpA)",
    "MCCMNC": "22201"
  },
  {
    "Country Code": "39",
    "Country": "Italy",
    "Network": "MNO - ILIAD Italia S.p.A.",
    "MCCMNC": "22250"
  },
  {
    "Country Code": "39",
    "Country": "Italy",
    "Network": "Italy Landline",
    "MCCMNC": "222"
  },
  {
    "Country Code": "39",
    "Country": "Italy",
    "Network": "MVNO - Lycamobile (Vodafone MVNO)",
    "MCCMNC": "22235"
  },
  {
    "Country Code": "39",
    "Country": "Italy",
    "Network": "MVNO - Kena (Ex. Noverca) (TIM MVNO)",
    "MCCMNC": "22207"
  },
  {
    "Country Code": "39",
    "Country": "Italy",
    "Network": "MNO - H3G Italia (Wind-Tre)",
    "MCCMNC": "22299"
  },
  {
    "Country Code": "39",
    "Country": "Italy",
    "Network": "MVNO - Poste Mobile(Wind MVNO)",
    "MCCMNC": "22233"
  },
  {
    "Country Code": "1",
    "Country": "Jamaica",
    "Network": "Jamaica Landline",
    "MCCMNC": "338"
  },
  {
    "Country Code": "1",
    "Country": "Jamaica",
    "Network": "Digicel Jamaica",
    "MCCMNC": "338050"
  },
  {
    "Country Code": "1",
    "Country": "Jamaica",
    "Network": "Flow (Cable & Wireless (Jamaica) Ltd)",
    "MCCMNC": "338180"
  },
  {
    "Country Code": "81",
    "Country": "Japan",
    "Network": "NTT DOCOMO",
    "MCCMNC": "44010"
  },
  {
    "Country Code": "81",
    "Country": "Japan",
    "Network": "au (KDDI)",
    "MCCMNC": "44054"
  },
  {
    "Country Code": "81",
    "Country": "Japan",
    "Network": "Rakuten Mobile",
    "MCCMNC": "44011"
  },
  {
    "Country Code": "81",
    "Country": "Japan",
    "Network": "SoftBank",
    "MCCMNC": "44020"
  },
  {
    "Country Code": "44",
    "Country": "Jersey",
    "Network": "Core Telecom Limited",
    "MCCMNC": "234997"
  },
  {
    "Country Code": "44",
    "Country": "Jersey",
    "Network": "Marathon Telecom Ltd",
    "MCCMNC": "23428"
  },
  {
    "Country Code": "44",
    "Country": "Jersey",
    "Network": "Sure Mobile (Cable & Wireless Jersey Ltd)",
    "MCCMNC": "23455"
  },
  {
    "Country Code": "44",
    "Country": "Jersey",
    "Network": "Airtel Jersey",
    "MCCMNC": "23403"
  },
  {
    "Country Code": "962",
    "Country": "Jordan",
    "Network": "Umniah",
    "MCCMNC": "41603"
  },
  {
    "Country Code": "962",
    "Country": "Jordan",
    "Network": "Orange (Jordan Telecom Group)",
    "MCCMNC": "41677"
  },
  {
    "Country Code": "962",
    "Country": "Jordan",
    "Network": "zain JO (JMTS)",
    "MCCMNC": "41601"
  },
  {
    "Country Code": "962",
    "Country": "Jordan",
    "Network": "Jordan Landline",
    "MCCMNC": "416"
  },
  {
    "Country Code": "962",
    "Country": "Jordan",
    "Network": "Premium Jordan",
    "MCCMNC": "416"
  },
  {
    "Country Code": "7",
    "Country": "Kazakhstan",
    "Network": "Beeline (KaR-Tel LLP)",
    "MCCMNC": "40101"
  },
  {
    "Country Code": "7",
    "Country": "Kazakhstan",
    "Network": "Tele2",
    "MCCMNC": "40177"
  },
  {
    "Country Code": "7",
    "Country": "Kazakhstan",
    "Network": "K-Cell (GSM Kazakhstan Ltd)",
    "MCCMNC": "40102"
  },
  {
    "Country Code": "7",
    "Country": "Kazakhstan",
    "Network": "Altel JSC",
    "MCCMNC": "40107"
  },
  {
    "Country Code": "7",
    "Country": "Kazakhstan",
    "Network": "Kazakhstan Landline",
    "MCCMNC": "401"
  },
  {
    "Country Code": "254",
    "Country": "Kenya",
    "Network": "Safaricom",
    "MCCMNC": "63902"
  },
  {
    "Country Code": "254",
    "Country": "Kenya",
    "Network": "Telkom Kenya Ltd (Orange)",
    "MCCMNC": "63907"
  },
  {
    "Country Code": "254",
    "Country": "Kenya",
    "Network": "Kenya Landline",
    "MCCMNC": "639"
  },
  {
    "Country Code": "254",
    "Country": "Kenya",
    "Network": "Airtel Kenya",
    "MCCMNC": "63903"
  },
  {
    "Country Code": "82",
    "Country": "Korea, the Republic of",
    "Network": "SK Telecom",
    "MCCMNC": "45005"
  },
  {
    "Country Code": "82",
    "Country": "Korea, the Republic of",
    "Network": "LG U+",
    "MCCMNC": "45006"
  },
  {
    "Country Code": "82",
    "Country": "Korea, the Republic of",
    "Network": "KT Freetel",
    "MCCMNC": "45008"
  },
  {
    "Country Code": "383",
    "Country": "Kosovo",
    "Network": "IPKO",
    "MCCMNC": "22102"
  },
  {
    "Country Code": "383",
    "Country": "Kosovo",
    "Network": "Z-Mobile (Dardafon.Net) (VALA MVNO)",
    "MCCMNC": "22106"
  },
  {
    "Country Code": "383",
    "Country": "Kosovo",
    "Network": "Vala (Telekomi i Kosovës sh.a.)",
    "MCCMNC": "22101"
  },
  {
    "Country Code": "965",
    "Country": "Kuwait",
    "Network": "STC Kuwait (ex VIVA)",
    "MCCMNC": "41904"
  },
  {
    "Country Code": "965",
    "Country": "Kuwait",
    "Network": "Ooredoo Kuwait",
    "MCCMNC": "41903"
  },
  {
    "Country Code": "965",
    "Country": "Kuwait",
    "Network": "zain KW (Mobile Telecommunications Co.)",
    "MCCMNC": "41902"
  },
  {
    "Country Code": "996",
    "Country": "Kyrgyzstan",
    "Network": "O! (NurTelecom LLC)",
    "MCCMNC": "43709"
  },
  {
    "Country Code": "996",
    "Country": "Kyrgyzstan",
    "Network": "MEGACOM (Alfa Telecom Joint Stock Company)",
    "MCCMNC": "43705"
  },
  {
    "Country Code": "996",
    "Country": "Kyrgyzstan",
    "Network": "Beeline KG (Sky Mobile LLC)",
    "MCCMNC": "43701"
  },
  {
    "Country Code": "856",
    "Country": "Lao People's Democratic Republic",
    "Network": "ETL MOBILE",
    "MCCMNC": "45702"
  },
  {
    "Country Code": "371",
    "Country": "Latvia",
    "Network": "Bite Latvija",
    "MCCMNC": "24705"
  },
  {
    "Country Code": "371",
    "Country": "Latvia",
    "Network": "LMT GSM (Latvijas Mobilais Telefons)",
    "MCCMNC": "24701"
  },
  {
    "Country Code": "371",
    "Country": "Latvia",
    "Network": "TELE2",
    "MCCMNC": "24702"
  },
  {
    "Country Code": "961",
    "Country": "Lebanon",
    "Network": "Alfa (MIC 1)",
    "MCCMNC": "41501"
  },
  {
    "Country Code": "961",
    "Country": "Lebanon",
    "Network": "Lebanon Landline",
    "MCCMNC": "415"
  },
  {
    "Country Code": "961",
    "Country": "Lebanon",
    "Network": "MTC-Touch (MIC 2)",
    "MCCMNC": "41503"
  },
  {
    "Country Code": "266",
    "Country": "Lesotho",
    "Network": "Econet Telecom Lesotho",
    "MCCMNC": "65102"
  },
  {
    "Country Code": "266",
    "Country": "Lesotho",
    "Network": "Vodacom Lesotho",
    "MCCMNC": "65101"
  },
  {
    "Country Code": "231",
    "Country": "Liberia",
    "Network": "Orange Liberia (ex. Cellcom)",
    "MCCMNC": "61807"
  },
  {
    "Country Code": "231",
    "Country": "Liberia",
    "Network": "Lonestar Cell MTN",
    "MCCMNC": "61801"
  },
  {
    "Country Code": "218",
    "Country": "Libya",
    "Network": "Al Madar Al Jadid",
    "MCCMNC": "60601"
  },
  {
    "Country Code": "218",
    "Country": "Libya",
    "Network": "Libyana Mobile Phone",
    "MCCMNC": "60600"
  },
  {
    "Country Code": "218",
    "Country": "Libya",
    "Network": "Libya Landline",
    "MCCMNC": "606"
  },
  {
    "Country Code": "423",
    "Country": "Liechtenstein",
    "Network": "Orange FL",
    "MCCMNC": "29502"
  },
  {
    "Country Code": "423",
    "Country": "Liechtenstein",
    "Network": "FL1 (Mobilkom Liechtenstein AG)",
    "MCCMNC": "29505"
  },
  {
    "Country Code": "370",
    "Country": "Lithuania",
    "Network": "Telia Lietuva (Omnitel)",
    "MCCMNC": "24601"
  },
  {
    "Country Code": "370",
    "Country": "Lithuania",
    "Network": "BITE GSM",
    "MCCMNC": "24602"
  },
  {
    "Country Code": "370",
    "Country": "Lithuania",
    "Network": "TELE2",
    "MCCMNC": "24603"
  },
  {
    "Country Code": "370",
    "Country": "Lithuania",
    "Network": "Travel Communication SIA",
    "MCCMNC": "24613"
  },
  {
    "Country Code": "352",
    "Country": "Luxembourg",
    "Network": "Tango",
    "MCCMNC": "27077"
  },
  {
    "Country Code": "352",
    "Country": "Luxembourg",
    "Network": "e-Lux Mobile (MVNO)",
    "MCCMNC": "27081"
  },
  {
    "Country Code": "352",
    "Country": "Luxembourg",
    "Network": "LuxGSM (P&T Luxembourg)",
    "MCCMNC": "27001"
  },
  {
    "Country Code": "352",
    "Country": "Luxembourg",
    "Network": "Orange",
    "MCCMNC": "27099"
  },
  {
    "Country Code": "261",
    "Country": "Madagascar",
    "Network": "Orange Madagascar",
    "MCCMNC": "64602"
  },
  {
    "Country Code": "261",
    "Country": "Madagascar",
    "Network": "Airtel Madagascar",
    "MCCMNC": "64601"
  },
  {
    "Country Code": "261",
    "Country": "Madagascar",
    "Network": "Telma Mobile",
    "MCCMNC": "64604"
  },
  {
    "Country Code": "265",
    "Country": "Malawi",
    "Network": "Airtel Malawi",
    "MCCMNC": "65010"
  },
  {
    "Country Code": "265",
    "Country": "Malawi",
    "Network": "TNM (Telekom Networks Malawi)",
    "MCCMNC": "65001"
  },
  {
    "Country Code": "60",
    "Country": "Malaysia",
    "Network": "DiGi Telecommunications",
    "MCCMNC": "50216"
  },
  {
    "Country Code": "60",
    "Country": "Malaysia",
    "Network": "Maxis Bhd",
    "MCCMNC": "50212"
  },
  {
    "Country Code": "60",
    "Country": "Malaysia",
    "Network": "Malaysia Landline",
    "MCCMNC": "502"
  },
  {
    "Country Code": "60",
    "Country": "Malaysia",
    "Network": "U Mobile Sdn Bhd",
    "MCCMNC": "50218"
  },
  {
    "Country Code": "60",
    "Country": "Malaysia",
    "Network": "Celcom Axiata Bhd",
    "MCCMNC": "50219"
  },
  {
    "Country Code": "60",
    "Country": "Malaysia",
    "Network": "Webe (Packet One)",
    "MCCMNC": "502153"
  },
  {
    "Country Code": "960",
    "Country": "Maldives",
    "Network": "Dhiraagu (Dhivehi Raajjeyge Gulhun)",
    "MCCMNC": "47201"
  },
  {
    "Country Code": "223",
    "Country": "Mali",
    "Network": "Orange MALI",
    "MCCMNC": "61002"
  },
  {
    "Country Code": "223",
    "Country": "Mali",
    "Network": "Telcell",
    "MCCMNC": "61003"
  },
  {
    "Country Code": "223",
    "Country": "Mali",
    "Network": "Malitel",
    "MCCMNC": "61001"
  },
  {
    "Country Code": "356",
    "Country": "Malta",
    "Network": "GO Mobile (Mobisle Communications Ltd)",
    "MCCMNC": "27821"
  },
  {
    "Country Code": "356",
    "Country": "Malta",
    "Network": "Epic Communications Limited (ex. VF Malta)",
    "MCCMNC": "27801"
  },
  {
    "Country Code": "596",
    "Country": "Martinique",
    "Network": "Outremer Telecom",
    "MCCMNC": "34002"
  },
  {
    "Country Code": "596",
    "Country": "Martinique",
    "Network": "Free Caraibe Martinique",
    "MCCMNC": "34004"
  },
  {
    "Country Code": "596",
    "Country": "Martinique",
    "Network": "Digicel Martinique",
    "MCCMNC": "34020"
  },
  {
    "Country Code": "596",
    "Country": "Martinique",
    "Network": "Orange Caraibe Mobiles",
    "MCCMNC": "34001"
  },
  {
    "Country Code": "222",
    "Country": "Mauritania",
    "Network": "Mattel",
    "MCCMNC": "60901"
  },
  {
    "Country Code": "222",
    "Country": "Mauritania",
    "Network": "Mauritel Mobiles",
    "MCCMNC": "60910"
  },
  {
    "Country Code": "222",
    "Country": "Mauritania",
    "Network": "Chinguitel",
    "MCCMNC": "60902"
  },
  {
    "Country Code": "230",
    "Country": "Mauritius",
    "Network": "Emtel",
    "MCCMNC": "61710"
  },
  {
    "Country Code": "230",
    "Country": "Mauritius",
    "Network": "my.t (Mauritius Telecom)",
    "MCCMNC": "61701"
  },
  {
    "Country Code": "52",
    "Country": "Mexico",
    "Network": "Altan",
    "MCCMNC": "334140"
  },
  {
    "Country Code": "52",
    "Country": "Mexico",
    "Network": "Telcel (Radiomovil Dipsa S.A.)",
    "MCCMNC": "33402"
  },
  {
    "Country Code": "52",
    "Country": "Mexico",
    "Network": "Movistar (Pegaso PCS)",
    "MCCMNC": "33403"
  },
  {
    "Country Code": "52",
    "Country": "Mexico",
    "Network": "AT&T Mexico (Nextel & Iusacell)",
    "MCCMNC": "33405"
  },
  {
    "Country Code": "52",
    "Country": "Mexico",
    "Network": "Mexico Landline",
    "MCCMNC": "334"
  },
  {
    "Country Code": "373",
    "Country": "Moldova",
    "Network": "MoldCell",
    "MCCMNC": "25902"
  },
  {
    "Country Code": "373",
    "Country": "Moldova",
    "Network": "Orange Moldova",
    "MCCMNC": "25901"
  },
  {
    "Country Code": "373",
    "Country": "Moldova",
    "Network": "Moldova Landline",
    "MCCMNC": "259"
  },
  {
    "Country Code": "373",
    "Country": "Moldova",
    "Network": "Unite (MoldTelecom)",
    "MCCMNC": "25905"
  },
  {
    "Country Code": "373",
    "Country": "Moldova",
    "Network": "Premium Moldova",
    "MCCMNC": "259"
  },
  {
    "Country Code": "373",
    "Country": "Moldova",
    "Network": "IDC (Interdnestrcom) (CDMA)",
    "MCCMNC": "25903"
  },
  {
    "Country Code": "377",
    "Country": "Monaco",
    "Network": "VALA - P&T Kosovo (Monaco Telecom)",
    "MCCMNC": "21201"
  },
  {
    "Country Code": "976",
    "Country": "Mongolia",
    "Network": "G-Mobile (CDMA)",
    "MCCMNC": "42898"
  },
  {
    "Country Code": "976",
    "Country": "Mongolia",
    "Network": "MobiCom",
    "MCCMNC": "42899"
  },
  {
    "Country Code": "976",
    "Country": "Mongolia",
    "Network": "Unitel",
    "MCCMNC": "42888"
  },
  {
    "Country Code": "976",
    "Country": "Mongolia",
    "Network": "SkyTel (CDMA)",
    "MCCMNC": "42891"
  },
  {
    "Country Code": "382",
    "Country": "Montenegro",
    "Network": "m:tel CG",
    "MCCMNC": "29703"
  },
  {
    "Country Code": "382",
    "Country": "Montenegro",
    "Network": "One Crna Gora (ex. Telenor)",
    "MCCMNC": "29701"
  },
  {
    "Country Code": "212",
    "Country": "Morocco",
    "Network": "Maroc Telecom (IAM)",
    "MCCMNC": "60401"
  },
  {
    "Country Code": "212",
    "Country": "Morocco",
    "Network": "Orange (ex Meditel)",
    "MCCMNC": "60400"
  },
  {
    "Country Code": "212",
    "Country": "Morocco",
    "Network": "INWI (WANA - Groupe ONA)",
    "MCCMNC": "60402"
  },
  {
    "Country Code": "212",
    "Country": "Morocco",
    "Network": "Morocco Landline",
    "MCCMNC": "604"
  },
  {
    "Country Code": "258",
    "Country": "Mozambique",
    "Network": "Vodacom Mozambique",
    "MCCMNC": "64304"
  },
  {
    "Country Code": "258",
    "Country": "Mozambique",
    "Network": "Movitel",
    "MCCMNC": "64303"
  },
  {
    "Country Code": "258",
    "Country": "Mozambique",
    "Network": "mcel (Mocambique Celular S.A.R.L.)",
    "MCCMNC": "64301"
  },
  {
    "Country Code": "95",
    "Country": "Myanmar",
    "Network": "Mytel Myanmar",
    "MCCMNC": "41409"
  },
  {
    "Country Code": "95",
    "Country": "Myanmar",
    "Network": "ATOM",
    "MCCMNC": "41406"
  },
  {
    "Country Code": "95",
    "Country": "Myanmar",
    "Network": "MPT (Myanmar Posts and Telecommunications)",
    "MCCMNC": "41401"
  },
  {
    "Country Code": "95",
    "Country": "Myanmar",
    "Network": "Ooredoo Myanmar",
    "MCCMNC": "41405"
  },
  {
    "Country Code": "95",
    "Country": "Myanmar",
    "Network": "Myanmar Economic Corporation (MEC)",
    "MCCMNC": "41403"
  },
  {
    "Country Code": "977",
    "Country": "Nepal",
    "Network": "Ncell (Spice Nepal Private Ltd)",
    "MCCMNC": "42902"
  },
  {
    "Country Code": "977",
    "Country": "Nepal",
    "Network": "Nepal Doorsanchar Company Ltd (Nepal Telecom)",
    "MCCMNC": "42901"
  },
  {
    "Country Code": "977",
    "Country": "Nepal",
    "Network": "Smart Telecom",
    "MCCMNC": "42904"
  },
  {
    "Country Code": "31",
    "Country": "Netherlands",
    "Network": "T-Mobile NL",
    "MCCMNC": "20416"
  },
  {
    "Country Code": "31",
    "Country": "Netherlands",
    "Network": "VodafoneZiggo Netherlands",
    "MCCMNC": "20404"
  },
  {
    "Country Code": "31",
    "Country": "Netherlands",
    "Network": "KPN B.V.",
    "MCCMNC": "20408"
  },
  {
    "Country Code": "31",
    "Country": "Netherlands",
    "Network": "Lycamobile (KPN MVNO)",
    "MCCMNC": "20409"
  },
  {
    "Country Code": "31",
    "Country": "Netherlands",
    "Network": "Netherland Landline",
    "MCCMNC": "204"
  },
  {
    "Country Code": "31",
    "Country": "Netherlands",
    "Network": "KPN B.V. (Telfort B.V.)",
    "MCCMNC": "20412"
  },
  {
    "Country Code": "31",
    "Country": "Netherlands",
    "Network": "Tismi BV (MVNO)",
    "MCCMNC": "20429"
  },
  {
    "Country Code": "31",
    "Country": "Netherlands",
    "Network": "Barablu Mobile (Vodafone MVNO)",
    "MCCMNC": "20406"
  },
  {
    "Country Code": "31",
    "Country": "Netherlands",
    "Network": "TELE2 Nederland B.V. (T-Mobile MVNO)",
    "MCCMNC": "20402"
  },
  {
    "Country Code": "31",
    "Country": "Netherlands",
    "Network": "Tata Communications MOVE B.V. (exTeleena)",
    "MCCMNC": "20407"
  },
  {
    "Country Code": "31",
    "Country": "Netherlands",
    "Network": "Lancelot B.V.",
    "MCCMNC": "20428"
  },
  {
    "Country Code": "31",
    "Country": "Netherlands",
    "Network": "Voiceworks",
    "MCCMNC": "20403"
  },
  {
    "Country Code": "687",
    "Country": "New Caledonia",
    "Network": "Mobilis (OPT New Caledonia)",
    "MCCMNC": "54601"
  },
  {
    "Country Code": "64",
    "Country": "New Zealand",
    "Network": "2degrees",
    "MCCMNC": "53024"
  },
  {
    "Country Code": "64",
    "Country": "New Zealand",
    "Network": "Vodafone New Zealand",
    "MCCMNC": "53001"
  },
  {
    "Country Code": "64",
    "Country": "New Zealand",
    "Network": "Spark New Zealand (ex. Telecom NZ)",
    "MCCMNC": "53005"
  },
  {
    "Country Code": "505",
    "Country": "Nicaragua",
    "Network": "Claro (ENITEL)",
    "MCCMNC": "71021"
  },
  {
    "Country Code": "505",
    "Country": "Nicaragua",
    "Network": "movistarNI (Telefonia Celular de Nicaragua S.A.)",
    "MCCMNC": "71030"
  },
  {
    "Country Code": "505",
    "Country": "Nicaragua",
    "Network": "CooTel",
    "MCCMNC": "71068"
  },
  {
    "Country Code": "227",
    "Country": "Niger",
    "Network": "Zamani Telecom (ex. Orange)",
    "MCCMNC": "61404"
  },
  {
    "Country Code": "227",
    "Country": "Niger",
    "Network": "Airtel Niger",
    "MCCMNC": "61402"
  },
  {
    "Country Code": "234",
    "Country": "Nigeria",
    "Network": "9mobile (ex. Etisalat)",
    "MCCMNC": "62160"
  },
  {
    "Country Code": "234",
    "Country": "Nigeria",
    "Network": "MTN Nigeria",
    "MCCMNC": "62130"
  },
  {
    "Country Code": "234",
    "Country": "Nigeria",
    "Network": "Airtel Nigeria",
    "MCCMNC": "62120"
  },
  {
    "Country Code": "234",
    "Country": "Nigeria",
    "Network": "Glo Mobile (Globacom Ltd)",
    "MCCMNC": "62150"
  },
  {
    "Country Code": "234",
    "Country": "Nigeria",
    "Network": "Nigeria Landline",
    "MCCMNC": "621"
  },
  {
    "Country Code": "683",
    "Country": "Niue",
    "Network": "Telecom Niue",
    "MCCMNC": "55501"
  },
  {
    "Country Code": "389",
    "Country": "North Macedonia",
    "Network": "Vip MK (one.Vip DOO Skopje (MKDNO))",
    "MCCMNC": "29403"
  },
  {
    "Country Code": "389",
    "Country": "North Macedonia",
    "Network": "T-Mobile Macedonia",
    "MCCMNC": "29401"
  },
  {
    "Country Code": "389",
    "Country": "North Macedonia",
    "Network": "Macedonia Landline",
    "MCCMNC": "294"
  },
  {
    "Country Code": "47",
    "Country": "Norway",
    "Network": "Lycamobile Norway Ltd (Telia MVNO)",
    "MCCMNC": "24223"
  },
  {
    "Country Code": "47",
    "Country": "Norway",
    "Network": "Telenor Norge AS",
    "MCCMNC": "24201"
  },
  {
    "Country Code": "47",
    "Country": "Norway",
    "Network": "TELIA (NetCom)",
    "MCCMNC": "24202"
  },
  {
    "Country Code": "47",
    "Country": "Norway",
    "Network": "ICE Communication Norge AS",
    "MCCMNC": "24214"
  },
  {
    "Country Code": "47",
    "Country": "Norway",
    "Network": "Norway Landline",
    "MCCMNC": "242"
  },
  {
    "Country Code": "47",
    "Country": "Norway",
    "Network": "eRate (Telenor MVNO)",
    "MCCMNC": "24215"
  },
  {
    "Country Code": "968",
    "Country": "Oman",
    "Network": "OOREDOO (NAWRAS)",
    "MCCMNC": "42203"
  },
  {
    "Country Code": "968",
    "Country": "Oman",
    "Network": "OMAN MOBILE (Oman Telecommunications Company)",
    "MCCMNC": "42202"
  },
  {
    "Country Code": "968",
    "Country": "Oman",
    "Network": "Vodafone Oman ",
    "MCCMNC": "42206"
  },
  {
    "Country Code": "92",
    "Country": "Pakistan",
    "Network": "Ufone (Pak Telecom Mobile Ltd)",
    "MCCMNC": "41003"
  },
  {
    "Country Code": "92",
    "Country": "Pakistan",
    "Network": "ZONG (CMPak Limited)",
    "MCCMNC": "41004"
  },
  {
    "Country Code": "92",
    "Country": "Pakistan",
    "Network": "Special Communications Organization (SCO)",
    "MCCMNC": "41008"
  },
  {
    "Country Code": "92",
    "Country": "Pakistan",
    "Network": "Telenor Pakistan",
    "MCCMNC": "41006"
  },
  {
    "Country Code": "92",
    "Country": "Pakistan",
    "Network": "Jazz (Warid Telecom)",
    "MCCMNC": "41007"
  },
  {
    "Country Code": "92",
    "Country": "Pakistan",
    "Network": "Pakistan Landline",
    "MCCMNC": "410"
  },
  {
    "Country Code": "970",
    "Country": "Palestine",
    "Network": "Ooredoo (Wataniya)",
    "MCCMNC": "42506"
  },
  {
    "Country Code": "970",
    "Country": "Palestine",
    "Network": "Jawwal (Palestine Telecomm)",
    "MCCMNC": "42505"
  },
  {
    "Country Code": "507",
    "Country": "Panama",
    "Network": "Panama Landline",
    "MCCMNC": "714"
  },
  {
    "Country Code": "507",
    "Country": "Panama",
    "Network": "Mas Movil (Cable & Wireless Panama)",
    "MCCMNC": "71401"
  },
  {
    "Country Code": "507",
    "Country": "Panama",
    "Network": "Claro Panama",
    "MCCMNC": "71403"
  },
  {
    "Country Code": "507",
    "Country": "Panama",
    "Network": "Digicel Panama",
    "MCCMNC": "71404"
  },
  {
    "Country Code": "507",
    "Country": "Panama",
    "Network": "Tigo Panama",
    "MCCMNC": "71402"
  },
  {
    "Country Code": "675",
    "Country": "Papua New Guinea",
    "Network": "Digicel PNG",
    "MCCMNC": "53703"
  },
  {
    "Country Code": "595",
    "Country": "Paraguay",
    "Network": "Tigo (Telecel Paraguay)",
    "MCCMNC": "74404"
  },
  {
    "Country Code": "63",
    "Country": "Philippines",
    "Network": "Globe Telecom",
    "MCCMNC": "51502"
  },
  {
    "Country Code": "63",
    "Country": "Philippines",
    "Network": "Philippines Landline",
    "MCCMNC": "515"
  },
  {
    "Country Code": "63",
    "Country": "Philippines",
    "Network": "Philippines Landline - PH Manilla",
    "MCCMNC": "515"
  },
  {
    "Country Code": "63",
    "Country": "Philippines",
    "Network": "Smart Communications",
    "MCCMNC": "51503"
  },
  {
    "Country Code": "63",
    "Country": "Philippines",
    "Network": "DITO Telecommunity",
    "MCCMNC": "51566"
  },
  {
    "Country Code": "48",
    "Country": "Poland",
    "Network": "T-Mobile.pl ERA (Polska Telefonia Cyfrowa Sp. z o.o.)",
    "MCCMNC": "26002"
  },
  {
    "Country Code": "48",
    "Country": "Poland",
    "Network": "Orange (PTK Centertel Sp. z o.o.)",
    "MCCMNC": "26003"
  },
  {
    "Country Code": "48",
    "Country": "Poland",
    "Network": "Play (P4 Sp. z o.o.)",
    "MCCMNC": "26006"
  },
  {
    "Country Code": "48",
    "Country": "Poland",
    "Network": "Plus (Polkomtel S.A.)",
    "MCCMNC": "26001"
  },
  {
    "Country Code": "48",
    "Country": "Poland",
    "Network": "Poland Landline",
    "MCCMNC": "260"
  },
  {
    "Country Code": "48",
    "Country": "Poland",
    "Network": "Lycamobile Sp. z o.o. (MVNO)",
    "MCCMNC": "26009"
  },
  {
    "Country Code": "351",
    "Country": "Portugal",
    "Network": "MEO (fka TMN)",
    "MCCMNC": "26806"
  },
  {
    "Country Code": "351",
    "Country": "Portugal",
    "Network": "Vodafone Portugal",
    "MCCMNC": "26801"
  },
  {
    "Country Code": "351",
    "Country": "Portugal",
    "Network": "NOS (fka Optimus)",
    "MCCMNC": "26803"
  },
  {
    "Country Code": "1",
    "Country": "Puerto Rico",
    "Network": "Puerto Rico - Landline and Other Carriers",
    "MCCMNC": "330000"
  },
  {
    "Country Code": "974",
    "Country": "Qatar",
    "Network": "Ooredoo (Q-Tel)",
    "MCCMNC": "42701"
  },
  {
    "Country Code": "974",
    "Country": "Qatar",
    "Network": "Vodafone Qatar",
    "MCCMNC": "42702"
  },
  {
    "Country Code": "262",
    "Country": "Reunion",
    "Network": "Societe Reunionnaise de Radiotelephone",
    "MCCMNC": "64710"
  },
  {
    "Country Code": "262",
    "Country": "Reunion",
    "Network": "Orange Reunion",
    "MCCMNC": "64700"
  },
  {
    "Country Code": "262",
    "Country": "Reunion",
    "Network": "Free (ex. Outremer Telecom)",
    "MCCMNC": "64702"
  },
  {
    "Country Code": "262",
    "Country": "Reunion",
    "Network": "Zeop (Orange MVNO)",
    "MCCMNC": "64704"
  },
  {
    "Country Code": "40",
    "Country": "Romania",
    "Network": "Orange Romania",
    "MCCMNC": "22610"
  },
  {
    "Country Code": "40",
    "Country": "Romania",
    "Network": "Vodafone Romania",
    "MCCMNC": "22601"
  },
  {
    "Country Code": "40",
    "Country": "Romania",
    "Network": "Telekom Romania (f.d. Cosmote)",
    "MCCMNC": "22603"
  },
  {
    "Country Code": "40",
    "Country": "Romania",
    "Network": "DIGI Mobil (RCS & RDS)",
    "MCCMNC": "22605"
  },
  {
    "Country Code": "7",
    "Country": "Russian Federation",
    "Network": "Beeline (VimpelCom)",
    "MCCMNC": "25099"
  },
  {
    "Country Code": "7",
    "Country": "Russian Federation",
    "Network": "Megafon",
    "MCCMNC": "25002"
  },
  {
    "Country Code": "7",
    "Country": "Russian Federation",
    "Network": "MTS (Mobile TeleSystems)",
    "MCCMNC": "25001"
  },
  {
    "Country Code": "7",
    "Country": "Russian Federation",
    "Network": "Tele2",
    "MCCMNC": "25020"
  },
  {
    "Country Code": "7",
    "Country": "Russian Federation",
    "Network": "Tinkoff Mobile (Tele2 MVNO)",
    "MCCMNC": "25062"
  },
  {
    "Country Code": "7",
    "Country": "Russian Federation",
    "Network": "Rostelecom (Tele2 MVNO)",
    "MCCMNC": "25020"
  },
  {
    "Country Code": "7",
    "Country": "Russian Federation",
    "Network": "Yota (Scartel)",
    "MCCMNC": "25011"
  },
  {
    "Country Code": "7",
    "Country": "Russian Federation",
    "Network": "MCN Telecom (Tele2 MVNO)",
    "MCCMNC": "25037"
  },
  {
    "Country Code": "7",
    "Country": "Russian Federation",
    "Network": "KTK Telecom (Volna Mobile)",
    "MCCMNC": "25060"
  },
  {
    "Country Code": "7",
    "Country": "Russian Federation",
    "Network": "Russia Landline (Geographic Numbers)",
    "MCCMNC": "250"
  },
  {
    "Country Code": "7",
    "Country": "Russian Federation",
    "Network": "GSM - Other Networks",
    "MCCMNC": "250"
  },
  {
    "Country Code": "7",
    "Country": "Russian Federation",
    "Network": "Miatel (Beeline MVNO)",
    "MCCMNC": "25016"
  },
  {
    "Country Code": "7",
    "Country": "Russian Federation",
    "Network": "MTT (Multiregional Transit Telecom)",
    "MCCMNC": "25042"
  },
  {
    "Country Code": "7",
    "Country": "Russian Federation",
    "Network": "SprintTel (EZ Mobile)",
    "MCCMNC": "25043"
  },
  {
    "Country Code": "250",
    "Country": "Rwanda",
    "Network": "MTN-RWA",
    "MCCMNC": "63510"
  },
  {
    "Country Code": "1869",
    "Country": "Saint Kitts and Nevis",
    "Network": "Digicel St. Kitts and Nevis",
    "MCCMNC": "356050"
  },
  {
    "Country Code": "1758",
    "Country": "Saint Lucia",
    "Network": "Digicel St. Lucia",
    "MCCMNC": "358050"
  },
  {
    "Country Code": "1758",
    "Country": "Saint Lucia",
    "Network": "Flow (Cable & Wireless (St. Lucia) Ltd)",
    "MCCMNC": "358110"
  },
  {
    "Country Code": "508",
    "Country": "Saint Pierre and Miquelon",
    "Network": "AMERIS (SAS SPM Telecom)",
    "MCCMNC": "30801"
  },
  {
    "Country Code": "1784",
    "Country": "Saint Vincent and The Grenadines",
    "Network": "Digicel St. Vincent and the Grenadines",
    "MCCMNC": "360070"
  },
  {
    "Country Code": "1784",
    "Country": "Saint Vincent and The Grenadines",
    "Network": "Flow (Cable & Wireless (St. Vincent and the Grenadines) Ltd)",
    "MCCMNC": "360110"
  },
  {
    "Country Code": "966",
    "Country": "Saudi Arabia",
    "Network": "Zain SA (MTC Saudi Arabia)",
    "MCCMNC": "42004"
  },
  {
    "Country Code": "966",
    "Country": "Saudi Arabia",
    "Network": "Mobily (Etihad Etisalat Company)",
    "MCCMNC": "42003"
  },
  {
    "Country Code": "966",
    "Country": "Saudi Arabia",
    "Network": "STC (Saudi Telecom Company)",
    "MCCMNC": "42001"
  },
  {
    "Country Code": "966",
    "Country": "Saudi Arabia",
    "Network": "Virgin Mobile KSA (STC MVNO)",
    "MCCMNC": "42005"
  },
  {
    "Country Code": "966",
    "Country": "Saudi Arabia",
    "Network": "Lebara Mobile KSA (Mobily MVNO)",
    "MCCMNC": "42006"
  },
  {
    "Country Code": "221",
    "Country": "Senegal",
    "Network": "Expresso Senegal (Sudan Telecom Company Ltd)",
    "MCCMNC": "60803"
  },
  {
    "Country Code": "221",
    "Country": "Senegal",
    "Network": "Orange Senegal (SONATEL)",
    "MCCMNC": "60801"
  },
  {
    "Country Code": "221",
    "Country": "Senegal",
    "Network": "Free (ex. TIGO/Milicom/Sentel)",
    "MCCMNC": "60802"
  },
  {
    "Country Code": "381",
    "Country": "Serbia",
    "Network": "Telekom Srbija MTS",
    "MCCMNC": "22003"
  },
  {
    "Country Code": "381",
    "Country": "Serbia",
    "Network": "A1 Serbia (ex Vip)",
    "MCCMNC": "22005"
  },
  {
    "Country Code": "381",
    "Country": "Serbia",
    "Network": "Yettel Serbia (ex Telenor)",
    "MCCMNC": "22001"
  },
  {
    "Country Code": "381",
    "Country": "Serbia",
    "Network": "Serbia Landline",
    "MCCMNC": "220"
  },
  {
    "Country Code": "232",
    "Country": "Sierra Leone",
    "Network": "Orange (SL) Limited (ex. Airtel Sierra Leone)",
    "MCCMNC": "61901"
  },
  {
    "Country Code": "232",
    "Country": "Sierra Leone",
    "Network": "Africell (LINTEL Ltd)",
    "MCCMNC": "61905"
  },
  {
    "Country Code": "232",
    "Country": "Sierra Leone",
    "Network": "Qcell (ex. Comium)",
    "MCCMNC": "61907"
  },
  {
    "Country Code": "65",
    "Country": "Singapore",
    "Network": "SingTel (Singapore Telecom Mobile)",
    "MCCMNC": "52501"
  },
  {
    "Country Code": "65",
    "Country": "Singapore",
    "Network": "M1 (M1 Limited)",
    "MCCMNC": "52503"
  },
  {
    "Country Code": "65",
    "Country": "Singapore",
    "Network": "TPG",
    "MCCMNC": "52510"
  },
  {
    "Country Code": "65",
    "Country": "Singapore",
    "Network": "StarHub Mobile",
    "MCCMNC": "52505"
  },
  {
    "Country Code": "65",
    "Country": "Singapore",
    "Network": "Singapore Landline",
    "MCCMNC": "525"
  },
  {
    "Country Code": "65",
    "Country": "Singapore",
    "Network": "Tollfree Singapore",
    "MCCMNC": "525"
  },
  {
    "Country Code": "421",
    "Country": "Slovakia",
    "Network": "4ka (SWAN)",
    "MCCMNC": "23103"
  },
  {
    "Country Code": "421",
    "Country": "Slovakia",
    "Network": "Telefonica O2 Slovakia",
    "MCCMNC": "23106"
  },
  {
    "Country Code": "421",
    "Country": "Slovakia",
    "Network": "Orange Slovensko",
    "MCCMNC": "23101"
  },
  {
    "Country Code": "421",
    "Country": "Slovakia",
    "Network": "T-Mobile SK (Slovak Telekom)",
    "MCCMNC": "23102"
  },
  {
    "Country Code": "386",
    "Country": "Slovenia",
    "Network": "Mobitel (Telekom Slovenije)",
    "MCCMNC": "29341"
  },
  {
    "Country Code": "386",
    "Country": "Slovenia",
    "Network": "Slovenia Landline",
    "MCCMNC": "29399"
  },
  {
    "Country Code": "386",
    "Country": "Slovenia",
    "Network": "A1 (SI.mobil)",
    "MCCMNC": "29340"
  },
  {
    "Country Code": "386",
    "Country": "Slovenia",
    "Network": "Telemach (Tusmobil)",
    "MCCMNC": "29370"
  },
  {
    "Country Code": "386",
    "Country": "Slovenia",
    "Network": "T-2",
    "MCCMNC": "29364"
  },
  {
    "Country Code": "252",
    "Country": "Somalia",
    "Network": "SOMTEL",
    "MCCMNC": "63771"
  },
  {
    "Country Code": "252",
    "Country": "Somalia",
    "Network": "Somalia Landline",
    "MCCMNC": "637"
  },
  {
    "Country Code": "252",
    "Country": "Somalia",
    "Network": "Hormuud Telecom Somalia",
    "MCCMNC": "63725"
  },
  {
    "Country Code": "252",
    "Country": "Somalia",
    "Network": "Nationlink",
    "MCCMNC": "63710"
  },
  {
    "Country Code": "27",
    "Country": "South Africa",
    "Network": "MTN-SA",
    "MCCMNC": "65510"
  },
  {
    "Country Code": "27",
    "Country": "South Africa",
    "Network": "VodaCom",
    "MCCMNC": "65501"
  },
  {
    "Country Code": "27",
    "Country": "South Africa",
    "Network": "TELKOM (8TA)",
    "MCCMNC": "65502"
  },
  {
    "Country Code": "27",
    "Country": "South Africa",
    "Network": "South Africa Landline - Telkom",
    "MCCMNC": "655"
  },
  {
    "Country Code": "211",
    "Country": "South Sudan",
    "Network": "MTN South Sudan",
    "MCCMNC": "65992"
  },
  {
    "Country Code": "211",
    "Country": "South Sudan",
    "Network": "DIGITEL Holdings Ltd.",
    "MCCMNC": "65905"
  },
  {
    "Country Code": "34",
    "Country": "Spain",
    "Network": "MNO - Movistar (Telefonica Moviles Espana)",
    "MCCMNC": "21407"
  },
  {
    "Country Code": "34",
    "Country": "Spain",
    "Network": "MNO - Orange Espana",
    "MCCMNC": "21403"
  },
  {
    "Country Code": "34",
    "Country": "Spain",
    "Network": "MVNO - Lycamobile",
    "MCCMNC": "21425"
  },
  {
    "Country Code": "34",
    "Country": "Spain",
    "Network": "MNO - Vodafone Espana",
    "MCCMNC": "21401"
  },
  {
    "Country Code": "34",
    "Country": "Spain",
    "Network": "MVNO - Mas Movil Telecom 3.0 (PEPEPHONE 3.0)",
    "MCCMNC": "2140354"
  },
  {
    "Country Code": "34",
    "Country": "Spain",
    "Network": "MVNO - Euskaltel",
    "MCCMNC": "21408"
  },
  {
    "Country Code": "34",
    "Country": "Spain",
    "Network": "MVNO - Simyo",
    "MCCMNC": "21419"
  },
  {
    "Country Code": "34",
    "Country": "Spain",
    "Network": "MVNO - Digi Spain Telecom",
    "MCCMNC": "21422"
  },
  {
    "Country Code": "34",
    "Country": "Spain",
    "Network": "MVNO - Aire Networks del Mediterraneo",
    "MCCMNC": "21434"
  },
  {
    "Country Code": "34",
    "Country": "Spain",
    "Network": "MVNO - VODAFONE ENABLER ESPANA, S.L.",
    "MCCMNC": "21406"
  },
  {
    "Country Code": "34",
    "Country": "Spain",
    "Network": "MNO - Yoigo (Xfera Moviles)",
    "MCCMNC": "21404"
  },
  {
    "Country Code": "34",
    "Country": "Spain",
    "Network": "Spain Landline",
    "MCCMNC": "214"
  },
  {
    "Country Code": "34",
    "Country": "Spain",
    "Network": "MVNO - ONO (Vodafone)",
    "MCCMNC": "2140118"
  },
  {
    "Country Code": "34",
    "Country": "Spain",
    "Network": "Tollfree Spain",
    "MCCMNC": "214"
  },
  {
    "Country Code": "94",
    "Country": "Sri Lanka",
    "Network": "Dialog Axiata",
    "MCCMNC": "41302"
  },
  {
    "Country Code": "94",
    "Country": "Sri Lanka",
    "Network": "Sri Lanka Landline",
    "MCCMNC": "413"
  },
  {
    "Country Code": "94",
    "Country": "Sri Lanka",
    "Network": "Bharti Airtel Lanka",
    "MCCMNC": "41305"
  },
  {
    "Country Code": "94",
    "Country": "Sri Lanka",
    "Network": "Hutchison Telecommunications Lanka",
    "MCCMNC": "41308"
  },
  {
    "Country Code": "94",
    "Country": "Sri Lanka",
    "Network": "Mobitel",
    "MCCMNC": "41301"
  },
  {
    "Country Code": "94",
    "Country": "Sri Lanka",
    "Network": "Etisalat Lanka",
    "MCCMNC": "41303"
  },
  {
    "Country Code": "249",
    "Country": "Sudan",
    "Network": "Sudani One (Sudan Telecommunications Company)",
    "MCCMNC": "63407"
  },
  {
    "Country Code": "249",
    "Country": "Sudan",
    "Network": "Zain SD",
    "MCCMNC": "63401"
  },
  {
    "Country Code": "249",
    "Country": "Sudan",
    "Network": "MTN Sudan",
    "MCCMNC": "63402"
  },
  {
    "Country Code": "249",
    "Country": "Sudan",
    "Network": "Sudan Landline",
    "MCCMNC": "634"
  },
  {
    "Country Code": "46",
    "Country": "Sweden",
    "Network": "MNO - Tele2 Sverige AB",
    "MCCMNC": "24007"
  },
  {
    "Country Code": "46",
    "Country": "Sweden",
    "Network": "MNO - 3 (Hi3G Access AB)",
    "MCCMNC": "24002"
  },
  {
    "Country Code": "46",
    "Country": "Sweden",
    "Network": "MNO - Telenor Sverige AB",
    "MCCMNC": "24008"
  },
  {
    "Country Code": "46",
    "Country": "Sweden",
    "Network": "MNO - TeliaSonera Sverige AB",
    "MCCMNC": "24001"
  },
  {
    "Country Code": "46",
    "Country": "Sweden",
    "Network": "Sweden Landline",
    "MCCMNC": "240"
  },
  {
    "Country Code": "46",
    "Country": "Sweden",
    "Network": "MVNO - Spirius AB",
    "MCCMNC": "24045"
  },
  {
    "Country Code": "46",
    "Country": "Sweden",
    "Network": "MVNO - Lycamobile Sweden Ltd",
    "MCCMNC": "24012"
  },
  {
    "Country Code": "46",
    "Country": "Sweden",
    "Network": "MVNO TeliaSonera - Uno Telefoni AB",
    "MCCMNC": "240"
  },
  {
    "Country Code": "41",
    "Country": "Switzerland",
    "Network": "Salt Mobile SA (ex.Orange)",
    "MCCMNC": "22803"
  },
  {
    "Country Code": "41",
    "Country": "Switzerland",
    "Network": "Sunrise",
    "MCCMNC": "22802"
  },
  {
    "Country Code": "41",
    "Country": "Switzerland",
    "Network": "Swisscom",
    "MCCMNC": "22801"
  },
  {
    "Country Code": "41",
    "Country": "Switzerland",
    "Network": "Switzerland Landline",
    "MCCMNC": "228"
  },
  {
    "Country Code": "41",
    "Country": "Switzerland",
    "Network": "Lycamobile AG (Swisscom MVNO)",
    "MCCMNC": "22854"
  },
  {
    "Country Code": "963",
    "Country": "Syria",
    "Network": "Syria minor carriers",
    "MCCMNC": "41701"
  },
  {
    "Country Code": "963",
    "Country": "Syria",
    "Network": "Syria Landline - Syria Telecom",
    "MCCMNC": "417"
  },
  {
    "Country Code": "963",
    "Country": "Syria",
    "Network": "MTN Syria",
    "MCCMNC": "41702"
  },
  {
    "Country Code": "886",
    "Country": "Taiwan",
    "Network": "Taiwan Mobile",
    "MCCMNC": "46697"
  },
  {
    "Country Code": "886",
    "Country": "Taiwan",
    "Network": "Far EasTone",
    "MCCMNC": "46601"
  },
  {
    "Country Code": "886",
    "Country": "Taiwan",
    "Network": "APTG (Asia Pacific Telecom)",
    "MCCMNC": "46605"
  },
  {
    "Country Code": "886",
    "Country": "Taiwan",
    "Network": "Chunghwa Telecom",
    "MCCMNC": "46692"
  },
  {
    "Country Code": "886",
    "Country": "Taiwan",
    "Network": "T Star (Taiwan Star Telecom)",
    "MCCMNC": "46689"
  },
  {
    "Country Code": "992",
    "Country": "Tajikistan",
    "Network": "Zet-Mobile ((Ex Beeline)Tacom LLC)",
    "MCCMNC": "43605"
  },
  {
    "Country Code": "992",
    "Country": "Tajikistan",
    "Network": "Babilon-M",
    "MCCMNC": "43604"
  },
  {
    "Country Code": "992",
    "Country": "Tajikistan",
    "Network": "MegaFon Tajikistan (TT Mobile)",
    "MCCMNC": "43603"
  },
  {
    "Country Code": "992",
    "Country": "Tajikistan",
    "Network": "Tcell (fka Indigo)",
    "MCCMNC": "43601"
  },
  {
    "Country Code": "992",
    "Country": "Tajikistan",
    "Network": "O-Mobile (Tcell MVNO)",
    "MCCMNC": "43615"
  },
  {
    "Country Code": "255",
    "Country": "Tanzania",
    "Network": "tiGO (MIC Tanzania Ltd)",
    "MCCMNC": "64002"
  },
  {
    "Country Code": "255",
    "Country": "Tanzania",
    "Network": "Airtel Tanzania",
    "MCCMNC": "64005"
  },
  {
    "Country Code": "255",
    "Country": "Tanzania",
    "Network": "Vodacom Tanzania",
    "MCCMNC": "64004"
  },
  {
    "Country Code": "255",
    "Country": "Tanzania",
    "Network": "Halotel (Viettel Tanzania)",
    "MCCMNC": "64009"
  },
  {
    "Country Code": "66",
    "Country": "Thailand",
    "Network": "DTAC (Total Access Communications Co.)",
    "MCCMNC": "52018"
  },
  {
    "Country Code": "66",
    "Country": "Thailand",
    "Network": "AIS GSM (Advanced Info Service PLC)",
    "MCCMNC": "52003"
  },
  {
    "Country Code": "66",
    "Country": "Thailand",
    "Network": "True Move H (Real Future)",
    "MCCMNC": "52004"
  },
  {
    "Country Code": "66",
    "Country": "Thailand",
    "Network": "Thailand Landline",
    "MCCMNC": "520"
  },
  {
    "Country Code": "66",
    "Country": "Thailand",
    "Network": "my network (by CAT)",
    "MCCMNC": "52000"
  },
  {
    "Country Code": "670",
    "Country": "Timor-Leste",
    "Network": "Telin Telkomcel",
    "MCCMNC": "51401"
  },
  {
    "Country Code": "670",
    "Country": "Timor-Leste",
    "Network": "Timor Telecom",
    "MCCMNC": "51402"
  },
  {
    "Country Code": "670",
    "Country": "Timor-Leste",
    "Network": "Viettel",
    "MCCMNC": "51403"
  },
  {
    "Country Code": "228",
    "Country": "Togo",
    "Network": "Togo Cell (Togo Telecom)",
    "MCCMNC": "61501"
  },
  {
    "Country Code": "228",
    "Country": "Togo",
    "Network": "Moov (Atlantique Telecom - Etisalat)",
    "MCCMNC": "61503"
  },
  {
    "Country Code": "1868",
    "Country": "Trinidad and Tobago",
    "Network": "bmobile (TSTT)",
    "MCCMNC": "37412"
  },
  {
    "Country Code": "1868",
    "Country": "Trinidad and Tobago",
    "Network": "Digicel Trinidad and Tobago Ltd",
    "MCCMNC": "374130"
  },
  {
    "Country Code": "216",
    "Country": "Tunisia",
    "Network": "TunTel (Tunisie Telecom)",
    "MCCMNC": "60502"
  },
  {
    "Country Code": "216",
    "Country": "Tunisia",
    "Network": "Ooredoo (Tunisiana)",
    "MCCMNC": "60503"
  },
  {
    "Country Code": "216",
    "Country": "Tunisia",
    "Network": "Orange Tunisie",
    "MCCMNC": "60501"
  },
  {
    "Country Code": "90",
    "Country": "Turkey",
    "Network": "Turk Telekom (AVEA)",
    "MCCMNC": "28603"
  },
  {
    "Country Code": "90",
    "Country": "Turkey",
    "Network": "Turkcell",
    "MCCMNC": "28601"
  },
  {
    "Country Code": "90",
    "Country": "Turkey",
    "Network": "Vodafone Turkey",
    "MCCMNC": "28602"
  },
  {
    "Country Code": "993",
    "Country": "Turkmenistan",
    "Network": "Altyn Asyr",
    "MCCMNC": "43802"
  },
  {
    "Country Code": "256",
    "Country": "Uganda",
    "Network": "Airtel Uganda",
    "MCCMNC": "64101"
  },
  {
    "Country Code": "256",
    "Country": "Uganda",
    "Network": "MTN Uganda",
    "MCCMNC": "64110"
  },
  {
    "Country Code": "380",
    "Country": "Ukraine",
    "Network": "3Mob (Ukrtelecom)",
    "MCCMNC": "25507"
  },
  {
    "Country Code": "380",
    "Country": "Ukraine",
    "Network": "Kyivstar",
    "MCCMNC": "25503"
  },
  {
    "Country Code": "380",
    "Country": "Ukraine",
    "Network": "Vodafone Ukraine (fka MTS)",
    "MCCMNC": "25501"
  },
  {
    "Country Code": "380",
    "Country": "Ukraine",
    "Network": "Ukraine Landline",
    "MCCMNC": "255"
  },
  {
    "Country Code": "380",
    "Country": "Ukraine",
    "Network": "life:) (Astelit)",
    "MCCMNC": "25506"
  },
  {
    "Country Code": "971",
    "Country": "United Arab Emirates",
    "Network": "du (EITC)",
    "MCCMNC": "42403"
  },
  {
    "Country Code": "971",
    "Country": "United Arab Emirates",
    "Network": "Etisalat (Emirates Telecom Corp)",
    "MCCMNC": "42402"
  },
  {
    "Country Code": "971",
    "Country": "United Arab Emirates",
    "Network": "AE Landline",
    "MCCMNC": "424"
  },
  {
    "Country Code": "44",
    "Country": "United Kingdom",
    "Network": "MNO - O2 (Telefonica UK Ltd)",
    "MCCMNC": "23410"
  },
  {
    "Country Code": "44",
    "Country": "United Kingdom",
    "Network": "MNO - 3 (Hutchison 3G UK Ltd)",
    "MCCMNC": "23420"
  },
  {
    "Country Code": "44",
    "Country": "United Kingdom",
    "Network": "MNO - BT - Everything Everywhere Limited (ex T-Mob & Orange)",
    "MCCMNC": "23430"
  },
  {
    "Country Code": "44",
    "Country": "United Kingdom",
    "Network": "MNO - Vodafone UK",
    "MCCMNC": "23415"
  },
  {
    "Country Code": "44",
    "Country": "United Kingdom",
    "Network": "MVNO - Gamma Telecom Holdings Ltd",
    "MCCMNC": "23439"
  },
  {
    "Country Code": "44",
    "Country": "United Kingdom",
    "Network": "MNO - Sky UK Limited",
    "MCCMNC": "23457"
  },
  {
    "Country Code": "44",
    "Country": "United Kingdom",
    "Network": "MNO - Lycamobile UK Limted",
    "MCCMNC": "23426"
  },
  {
    "Country Code": "44",
    "Country": "United Kingdom",
    "Network": "MVNO - Stour Marine Limited",
    "MCCMNC": "234"
  },
  {
    "Country Code": "44",
    "Country": "United Kingdom",
    "Network": "United Kingdom Landline",
    "MCCMNC": "234"
  },
  {
    "Country Code": "44",
    "Country": "United Kingdom",
    "Network": "UK Other Operators",
    "MCCMNC": "234"
  },
  {
    "Country Code": "44",
    "Country": "United Kingdom",
    "Network": "MVNO - Tismi BV",
    "MCCMNC": "23409"
  },
  {
    "Country Code": "44",
    "Country": "United Kingdom",
    "Network": "MNO - Voxbone SA",
    "MCCMNC": "234"
  },
  {
    "Country Code": "44",
    "Country": "United Kingdom",
    "Network": "MVNO - Swiftnet Ltd",
    "MCCMNC": "234"
  },
  {
    "Country Code": "1",
    "Country": "United States",
    "Network": "Verizon Wireless",
    "MCCMNC": "311480"
  },
  {
    "Country Code": "1",
    "Country": "United States",
    "Network": "T-Mobile US",
    "MCCMNC": "310260"
  },
  {
    "Country Code": "1",
    "Country": "United States",
    "Network": "USA - Landline and Other Carriers",
    "MCCMNC": "316000"
  },
  {
    "Country Code": "1",
    "Country": "United States",
    "Network": "T-Mobile US - MetroPCS",
    "MCCMNC": "311660"
  },
  {
    "Country Code": "1",
    "Country": "United States",
    "Network": "AT&T Mobility",
    "MCCMNC": "310410"
  },
  {
    "Country Code": "1",
    "Country": "United States",
    "Network": "USA - Area Codes",
    "MCCMNC": "316999"
  },
  {
    "Country Code": "1",
    "Country": "United States",
    "Network": "ClearSky: Zipwhip",
    "MCCMNC": "316998"
  },
  {
    "Country Code": "1",
    "Country": "United States",
    "Network": "ClearSky: Enflick (TextNow)",
    "MCCMNC": "312570"
  },
  {
    "Country Code": "1",
    "Country": "United States",
    "Network": "ClearSky: Inteliquent (Onvoy)",
    "MCCMNC": "312850"
  },
  {
    "Country Code": "1",
    "Country": "United States",
    "Network": "Google Voice",
    "MCCMNC": "312999"
  },
  {
    "Country Code": "1",
    "Country": "United States",
    "Network": "ClearSky: Telnyx",
    "MCCMNC": "312993"
  },
  {
    "Country Code": "1",
    "Country": "United States",
    "Network": "ClearSky: Bandwidth",
    "MCCMNC": "312996"
  },
  {
    "Country Code": "1",
    "Country": "United States",
    "Network": "Interop: Southern LINC",
    "MCCMNC": "312720"
  },
  {
    "Country Code": "1",
    "Country": "United States & Canada Toll Free",
    "Network": "USA & Canada TFN (8XX)",
    "MCCMNC": "310"
  },
  {
    "Country Code": "598",
    "Country": "Uruguay",
    "Network": "Antel",
    "MCCMNC": "74801"
  },
  {
    "Country Code": "998",
    "Country": "Uzbekistan",
    "Network": "UCell (Coscom)",
    "MCCMNC": "43405"
  },
  {
    "Country Code": "998",
    "Country": "Uzbekistan",
    "Network": "UMS (MTS)",
    "MCCMNC": "43407"
  },
  {
    "Country Code": "998",
    "Country": "Uzbekistan",
    "Network": "UzMobile",
    "MCCMNC": "43408"
  },
  {
    "Country Code": "998",
    "Country": "Uzbekistan",
    "Network": "Beeline (Unitel LLC)",
    "MCCMNC": "43404"
  },
  {
    "Country Code": "998",
    "Country": "Uzbekistan",
    "Network": "Uzbekistan Landline",
    "MCCMNC": "434"
  },
  {
    "Country Code": "998",
    "Country": "Uzbekistan",
    "Network": "Perfectum Mobile (Rubicon) (CDMA)",
    "MCCMNC": "43406"
  },
  {
    "Country Code": "678",
    "Country": "Vanuatu",
    "Network": "Vodafone Vanuatu",
    "MCCMNC": "54101"
  },
  {
    "Country Code": "58",
    "Country": "Venezuela",
    "Network": "Digitel GSM",
    "MCCMNC": "73402"
  },
  {
    "Country Code": "58",
    "Country": "Venezuela",
    "Network": "Movistar (Telcel C.A.)",
    "MCCMNC": "73404"
  },
  {
    "Country Code": "84",
    "Country": "Vietnam",
    "Network": "MobiFone (Vietnam Mobile Telecom Services Company)",
    "MCCMNC": "45201"
  },
  {
    "Country Code": "84",
    "Country": "Vietnam",
    "Network": "Vinaphone (Vietnam Telecom Services Company)",
    "MCCMNC": "45202"
  },
  {
    "Country Code": "84",
    "Country": "Vietnam",
    "Network": "Viettel Mobile",
    "MCCMNC": "45204"
  },
  {
    "Country Code": "84",
    "Country": "Vietnam",
    "Network": "Vietnamobile (Hanoi Telecom)",
    "MCCMNC": "45205"
  },
  {
    "Country Code": "84",
    "Country": "Vietnam",
    "Network": "IndoChina Telecom (Vinaphone MVNO)",
    "MCCMNC": "45299"
  },
  {
    "Country Code": "967",
    "Country": "Yemen",
    "Network": "MTN (Spacetel)",
    "MCCMNC": "42102"
  },
  {
    "Country Code": "967",
    "Country": "Yemen",
    "Network": "Yemen Mobile (CDMA)",
    "MCCMNC": "42103"
  },
  {
    "Country Code": "967",
    "Country": "Yemen",
    "Network": "Sabafon (Yemen Company for Mobile Telephony)",
    "MCCMNC": "42101"
  },
  {
    "Country Code": "967",
    "Country": "Yemen",
    "Network": "Y (HiTS-UNITEL)",
    "MCCMNC": "42104"
  },
  {
    "Country Code": "260",
    "Country": "Zambia",
    "Network": "Airtel Zambia",
    "MCCMNC": "64501"
  },
  {
    "Country Code": "260",
    "Country": "Zambia",
    "Network": "MTN Zambia",
    "MCCMNC": "64502"
  },
  {
    "Country Code": "260",
    "Country": "Zambia",
    "Network": "Zambia Telecommunications Company (Zamtel)",
    "MCCMNC": "64503"
  },
  {
    "Country Code": "263",
    "Country": "Zimbabwe",
    "Network": "Econet Wireless",
    "MCCMNC": "64804"
  },
  {
    "Country Code": "263",
    "Country": "Zimbabwe",
    "Network": "Telecel Zimbabwe",
    "MCCMNC": "64803"
  }
]
